,ACCOUNT_NUM.hash,Phone_Number.hash,Phone_No_Count,PRODUCT_NAME,Product_Count
0,0009e7e4d940c2a539b89342af07e7f1,['5e411c13c17e851e8cdf6fbdcc10537a'],1,['AB_Service Vacation'],1
1,008bca99f0cccb5d07d4f03744709cf8,['ba3e4a690c1d811b4192005e480bcd55'],1,['V_Installment'],1
2,01cbc9b050fa000d1de651103cd30fc3,['70d7089a840256ad28912710e9cdc608'],1,"['E_PeoTV Initiation', 'E_Video on Demand', 'E_TSTV']",3
3,02059e815d999bda708149ae263946d3,"['a554cc1065efdea68627e133958bca32', '4e772b4a1d242c094ac1a51cb87df5a2', '66d27658a66d208990a71c86a5994303', '3a5f36ab0b3c5a4d94aa69789ce0f34d']",4,"['V_Call Forwarding - Immediate', 'V_Call Forwarding - On Busy', 'V_Call Forwarding by time', 'V_Hotline Service', 'V_Absentee service', 'V_Call holding', 'V_Incoming Call Memory', 'V_Outgoing Call Memory', 'V_Call Forwarding-Immediate', 'V_Call Forwarding-On Busy', 'V_Call Forwarding-No Answer', 'V_Hotline-Immediate', 'V_Hotline-Time Delayed', 'V_Caller Line Identification', 'V_Call Forwarding Offline', 'V_Abbreviated Dialing', 'V_Call Forwarding', 'V_Call Waiting', 'V_Call Transfer Three way', 'V_DQ Contact Details', 'AB_Rental Free', 'AB_Megaline', 'AB_Relocation', 'V_Call Forwarding - No Answer']",24
4,026368f4bccda09644665c13cbe13079,['b0247cfa960b7d693a0e3e7d8e1eebd7'],1,"['E_PeoTV Initiation', 'E_Video on Demand', 'E_TSTV', 'E_PeoTV_Package Transfer']",4
5,033bfca5a6ec3efe628326fde56c6e14,['163577f7c7729ed76da835bf969b8e94'],1,['AB_Relocation'],1
6,0343a21cd63098883687b660b665d3ee,['2d5caf7a3c023840f4321a33bcaef9a8'],1,"['P_IDD', 'P_SLT CLI', 'P_Megaline', 'DQ_Contact Details', 'V_IDD', 'AB_Copper Access Bearer', 'AB_Megaline', 'V_SLT CLI', 'V_DQ Contact Details']",9
7,04b03917b3a4d5e6ed56b3972e493cc5,['d28d8b9c69c8e6db5ff0fbd282f0c8fc'],1,"['E_Video on Demand', 'E_TSTV', 'E_PeoTV Initiation', 'V_Call Transfer Three way', 'V_Absentee service', 'V_Abbreviated Dialing', 'V_Call Forwarding', 'V_Call Waiting', 'V_Call Forwarding-Immediate', 'V_Call Forwarding-On Busy', 'V_Call Forwarding-No Answer']",11
8,050fdbb3512b12800826659f16b55eb5,['74dd30450502fd6c9b803d6476fe77d5'],1,"['E_Video on Demand', 'E_PeoTV Initiation', 'E_TSTV']",3
9,0575034fff654e702bfef165510f8492,['91fb26aeed6564980e7e3763308609bf'],1,"['V_Call Transfer Three way', 'V_Absentee service', 'V_Abbreviated Dialing', 'V_Call Forwarding', 'V_Call Waiting', 'V_Call Forwarding-Immediate', 'V_Call Forwarding-On Busy', 'V_Call Forwarding-No Answer']",8
10,085ecebef1af065588e3558ca21e6d4c,['fc49108a316204817f42189f9f6e6a70'],1,"['V_Referral offer Discount', 'AB_Referral offer Discount']",2
11,0866e1a199b053b6762e99c9f7cacd6b,['3a2e20f170cecbe0719bfaaa471dfa83'],1,"['V_Abbreviated Dialing', 'V_Call Forwarding', 'V_Call Waiting', 'V_Hotline Service', 'V_Absentee service', 'V_Call Forwarding-Immediate', 'V_Call Forwarding-On Busy', 'V_Call Forwarding-No Answer', 'V_Hotline-Time Delayed']",9
12,0a1b765c93fd504f0738cee1478a292f,['6800b6d0186b72475c42e7d9449ceada'],1,['AB_Megaline Startup'],1
13,0ab35e70cb75aaef16d93464a6c33717,['8eaa306168af04285291230927f83f43'],1,"['V_Installment', 'V_SLT Voice Service']",2
14,0b300c8c3361b0a14d02bdd05d475960,['e47bf274e9c0beb01e776bf5bd3f495e'],1,"['E_TSTV', 'E_Video on Demand', 'E_PeoTV Initiation']",3
15,0b67187e4e1c4a1102593cab8002e211,['456ae9c08b9340289f35828d9d110ec2'],1,"['E_TSTV', 'E_Video on Demand', 'E_PeoTV Initiation']",3
16,0c101d66650e325caadc4759d5b64042,['3ee4e7a389112df63acccccea47a14f8'],1,['V_Basic Phone Installment'],1
17,0cb470354bf2cf0630f75e0e57517935,['61a7f8a1e6482ba4437fed00f74eb800'],1,"['E_Video on Demand', 'E_TSTV', 'E_PeoTV Initiation']",3
18,0e1fe0d01f3a2e9619999a1a634ec427,"['710d8b9aa5ef8f9895fff27ed9218c1d', '405b7cd1117a3d185a8f244d83879eb2', 'cdd73e1763439171ca9a7a043e31ddde', '9af01a9db0e0491baf3c39185065704d']",4,"['V_Call back on busy', 'V_CLI presentation in call waiting', 'V_Call holding', 'V_Call Transfer Three way', 'V_Call Forwarding', 'V_Call Forwarding Offline', 'V_Call Forwarding by time', 'V_Incoming Call Memory', 'V_Incoming Call Transfer', 'V_Outgoing Call Memory', 'V_Abbreviated Dialing', 'V_Call Waiting', 'V_Call Forwarding-Immediate', 'V_Call Forwarding-On Busy', 'V_Absentee service', 'V_Hotline Service', 'V_Call Forwarding-No Answer', 'V_Hotline-Time Delayed', 'V_Anonymous call barring', 'V_Call park']",20
19,0e2c5fa9861df3d00082338f6fccb892,['ae96c23b4702df9ff2d918e3b332407a'],1,['V_Telehealth'],1
20,0ebac55a0548b5a655b64dbcb3805cf9,['2bc9d69ac02f377d66f4204a3754a8df'],1,"['V_Call Waiting', 'V_Call Forwarding', 'V_Call Transfer Three way', 'V_Absentee service', 'V_Abbreviated Dialing', 'V_Call Forwarding-On Busy', 'V_Call Forwarding-No Answer', 'V_Call Forwarding-Immediate']",8
21,0ee5f78b81c7712241fd67cecdd45263,['f4ddd9b3657e0c4a53ec796d45a12bab'],1,['AB_Additional Distance'],1
22,0f19c9a1290067cbc8b863b3edcdd864,['914f38b2e8ffd03f82ff3bbc660e9c04'],1,"['E_TSTV', 'E_Video on Demand', 'E_PeoTV Initiation']",3
23,0f9d00f4d16206b6fbd1a36efd62a22e,['39ead78669bce1a8b4feb93fa3dfc13c'],1,"['V_Absentee service', 'V_Call Transfer Three way', 'V_Abbreviated Dialing', 'V_Call Forwarding', 'V_Call Waiting', 'V_Call Forwarding-Immediate', 'V_Call Forwarding-On Busy', 'V_Call Forwarding-No Answer']",8
24,0fa1d2aeb386d52b8fb4b545f3d28b5d,['feebdc83f80ba16208b54c2902471410'],1,"['E_Video on Demand', 'E_TSTV']",2
25,0fb8c557d22f3fafbf573d925b8d5f96,['e8a7c602cffd42267a0e930b0225e7d8'],1,"['E_Video on Demand', 'E_TSTV']",2
26,0fe2e3b19fef0e99885d5f62cc37c22d,['e8c6b0301c38b32f026b856c30f74d71'],1,"['E_PeoTV Initiation', 'E_TSTV', 'E_Video on Demand']",3
27,1138b4f14a87a3cdd9d0e9cc6986f281,['c5722f1197db46f96000e28ef6c36da1'],1,"['V_SLT CLI', 'V_IDD', 'V_DQ Contact Details', 'V_Double VAS Bundle', 'V_Incoming Call Transfer', 'V_Call Forwarding Offline', 'V_Call Transfer Three way', 'V_Outgoing Call Memory', 'V_CLI presentation in call waiting', 'V_Incoming Call Memory', 'V_Call back on busy', 'V_Call holding', 'V_Call Forwarding by time', 'V_Anonymous call barring', 'V_Call park', 'AB_Megaline', 'AB_Citylink Loyalty Rewards']",17
28,1186aaba03e18b3dda89c75d611e8116,['16ee2310084e06316506d4aae80c07b3'],1,['AB_Service Vacation'],1
29,12565b41a78f681bca48f15e21c4b465,['7b8e391e97781e1a70d3ffcdefa03136'],1,"['AB_Megaline', 'V_IDD', 'V_Triple VAS Bundle', 'V_Call Barring - Outgoing', 'V_Call Barring', 'V_SLT CLI', 'V_DQ Contact Details', 'V_Absentee service', 'V_Abbreviated Dialing', 'V_Call Transfer Three way', 'V_Call Forwarding', 'V_Call Waiting', 'V_Call Forwarding-Immediate', 'V_Call Forwarding-On Busy', 'V_Call Forwarding-No Answer', 'E_TSTV', 'E_Video on Demand']",17
30,12ea329f03483613d87fa70ab4018232,['369593b1095c7d8cc2fd2c08cf2a34a3'],1,"['V_Call park', 'V_Incoming Call Memory', 'V_Incoming Call Transfer', 'V_Call back on busy', 'V_CLI presentation in call waiting', 'V_Call Transfer Three way', 'V_Call Forwarding by time', 'V_Call holding', 'V_Outgoing Call Memory', 'V_Anonymous call barring', 'V_Call Forwarding Offline']",11
31,130f8b3e4d3060de58e2daaa2edd168e,['209c576641b4f941fa6be1daa08e2c03'],1,"['V_CLI presentation in call waiting', 'V_Call Transfer Three way', 'V_Call holding', 'V_Anonymous call barring', 'V_Call back on busy', 'V_Incoming Call Memory', 'V_Outgoing Call Memory', 'V_Call Forwarding by time', 'V_Incoming Call Transfer', 'V_Call park', 'V_Call Forwarding Offline']",11
32,141bb772e7009065289946c12f7f3e3a,['ffb9cb2e838925de5a75764fd59c6ea1'],1,"['AB_Megaline', 'V_SLT CLI', 'V_IDD', 'AB_Megaline Startup', 'V_DQ Contact Details']",5
33,14c0d047585a207b95283ef5a8e92183,['35184fcf8a3a4c3753d258a41f61d791'],1,"['V_IDD', 'V_SLT CLI', 'AB_Megaline', 'AB_Megaline Startup', 'V_DQ Contact Details']",5
34,15122086b5dff783c626d6d102b4182b,['ded9f9d1107d0f442ad8a8acf626cba2'],1,"['V_SLT CLI', 'V_Double VAS Bundle', 'AB_Megaline', 'V_IDD', 'V_DQ Contact Details', 'AB_Citylink Loyalty Rewards', 'V_Incoming Call Memory', 'V_Call Forwarding Offline', 'V_Call holding', 'V_Call Transfer Three way', 'V_Call Forwarding by time', 'V_CLI presentation in call waiting', 'V_Call back on busy', 'V_Anonymous call barring', 'V_Incoming Call Transfer', 'V_Call park', 'V_Outgoing Call Memory']",17
35,15a55e4cc26ec3bfcf291da8cf4c5b09,['603cefb461111f70653b606298757799'],1,"['V_Absentee service', 'V_Abbreviated Dialing', 'V_Call Transfer Three way', 'V_Call Forwarding', 'V_Call Waiting', 'V_Call Forwarding-On Busy', 'V_Call Forwarding-No Answer', 'V_Call Forwarding-Immediate', 'V_Incoming Call Transfer', 'V_Call Forwarding by time', 'V_Outgoing Call Memory', 'V_Call holding', 'V_CLI presentation in call waiting', 'V_Caller name sending', 'V_Selective call rejection', 'V_Call park', 'V_Call back on busy', 'V_Anonymous call barring', 'V_Secretary service', 'V_Selective call acceptance', 'V_Selective call waiting', 'V_Password call barring (secret code)', 'V_Call Forwarding Offline', 'V_Incoming Call Memory', 'V_Caller name identificationPresentation', 'V_Complete call on no response', 'V_Call forwarding selective', 'V_Do not disturb service']",28
36,16195d6ea26221cbf854e51521778d07,['2155990c85d9a8f95a32328eb324e978'],1,"['V_Incoming Call Transfer', 'V_Call Forwarding Offline', 'V_Call back on busy', 'V_Anonymous call barring', 'V_Call Forwarding by time', 'V_Outgoing Call Memory', 'V_CLI presentation in call waiting', 'V_Incoming Call Memory', 'V_Call park', 'V_Call holding', 'V_Absentee service', 'V_Abbreviated Dialing', 'V_Call Waiting', 'V_Call Transfer Three way', 'V_Call Forwarding', 'V_Call Forwarding-On Busy', 'V_Call Forwarding-No Answer', 'V_Call Forwarding-Immediate']",18
37,16f2a9ef9a93dd6f1a36dce7aee689b1,['5b6781b3d400c6cb73f5f86afb101e79'],1,"['E_Video on Demand', 'E_TSTV', 'E_PeoTV Initiation']",3
38,17e06260816696045f8c5b232c629022,['3e7e191b7d879038577c1b323b858e99'],1,"['V_Call Transfer Three way', 'V_Absentee service', 'V_Call Forwarding-On Busy', 'V_Call Forwarding-No Answer', 'V_Call Forwarding', 'V_Call Waiting', 'V_Call Forwarding-Immediate', 'V_Abbreviated Dialing']",8
39,18de85ad042723ae2bf9d1bd2d1fa9ea,['96a6a5082ab7c4638898fb7e411313a6'],1,"['V_Call Forwarding', 'V_Abbreviated Dialing', 'V_Call Waiting', 'V_Hotline Service', 'V_Call Forwarding-Immediate', 'V_Hotline-Immediate', 'V_Hotline-Time Delayed', 'V_Absentee service', 'V_Call Forwarding-On Busy', 'V_Call Forwarding-No Answer']",10
40,18f6a17d27de55f7b8c9e0bddab9404f,['70d272d98fce8d869d1f855ee38f8fb3'],1,"['V_Call Transfer Three way', 'V_Absentee service', 'V_Abbreviated Dialing', 'V_Call Forwarding', 'V_Call Waiting', 'V_Hotline Service', 'V_Call Forwarding-Immediate', 'V_Call Forwarding-On Busy', 'V_Call Forwarding-No Answer', 'V_Hotline-Time Delayed']",10
41,19585303385a271521cb6ddfa0db9a3f,['2b450f783c302ef28b988cf8409ce946'],1,"['E_SLT PeoTV Service', 'E_TSTV', 'E_Video on Demand', 'E_PeoTV Initiation']",4
42,1a2ed49bfe7cedc91b4f21718f41d9e1,['0f1bf7780ba7eaa246cfaf5e640151da'],1,['AB_Service Vacation'],1
43,1aef14bda2e5eb683391f6bd72e251f4,['7de3419ef0e239ac7b6d39e444312f33'],1,"['V_DQ Contact Details', 'AB_Megaline', 'AB_Megaline Startup', 'V_IDD']",4
44,1af42c395af5fcf3244e6979beddb695,['d21022955abba5ef19bf84645ba88db4'],1,"['E_Video on Demand', 'E_TSTV', 'E_PeoTV Initiation']",3
45,1b3eb31b35a5992f8e320e989d1c01c3,['c7b7cda340c527cb60b8506a4378da11'],1,"['V_Call holding', 'V_Incoming Call Transfer', 'V_Call Forwarding Offline', 'V_Call park', 'V_Call back on busy', 'V_Outgoing Call Memory', 'V_CLI presentation in call waiting', 'V_Incoming Call Memory', 'V_Anonymous call barring', 'V_Call Forwarding by time', 'V_Call Transfer Three way']",11
46,1b90f00af43142138b9b33bb1cbf00dd,['e50847ef96deae5e77baf1c842536376'],1,"['V_Incoming Call Memory', 'V_Call Forwarding Offline', 'V_CLI presentation in call waiting', 'V_Anonymous call barring', 'V_Call Forwarding by time', 'V_Absentee service', 'V_Abbreviated Dialing', 'V_Call Transfer Three way', 'V_Call Forwarding', 'V_Incoming Call Transfer', 'V_Call park', 'V_Outgoing Call Memory', 'V_Call holding', 'V_Call back on busy', 'V_Call Waiting', 'V_Call Forwarding-On Busy', 'V_Call Forwarding-No Answer', 'V_Call Forwarding-Immediate']",18
47,1bdb808b0067543eac37a8650abfeb46,['bd73133417d7d4f48df88c081e7f7f5c'],1,"['V_SLT CLI', 'AB_Megaline', 'AB_Megaline Startup', 'V_IDD', 'V_DQ Contact Details']",5
48,1c311f0f3d392b5ce4b72fb26506c661,['bf5a7d9a5bc8b5ca97efea4e2ff906bb'],1,"['V_DQ Contact Details', 'AB_Megaline', 'V_Railway Registration', 'V_IDD', 'V_SLT CLI', 'E_TSTV', 'E_Video on Demand', 'V_Triple VAS Bundle']",8
49,1cca6a8545b413f559cb2150db1e60d4,['ba2cd0a629f9bd5acc9d7fcd89971dad'],1,"['V_Abbreviated Dialing', 'V_Call Transfer Three way', 'V_Call Forwarding', 'V_Call Waiting', 'V_Call Forwarding-Immediate', 'V_Call Forwarding-On Busy', 'V_Absentee service', 'V_Call Forwarding-No Answer', 'E_TSTV', 'E_Video on Demand']",10
50,1cf3f313f1060c69dfe814a0e8124f18,['31110bf10f07e3d5e23da9680b1dd287'],1,"['V_Absentee service', 'V_Abbreviated Dialing', 'V_Call Transfer Three way', 'V_Call Forwarding', 'V_Call Waiting', 'V_Call Forwarding-Immediate', 'V_Call Forwarding-On Busy', 'V_Call Forwarding-No Answer', 'E_PeoTV Initiation', 'E_Video on Demand', 'E_TSTV']",11
51,1d800ffe927471f63aa32293865791b7,['eb809250a1ec5e8531cf992e663a6972'],1,"['E_Referral offer Discount', 'AB_Referral offer Discount']",2
52,1e317134b50ea5043ebdc3f75d1cde8d,['fd62e39a7c82e9e9a066aee4307fdf87'],1,"['V_Call Forwarding', 'V_Hotline Service']",2
53,1eb55c9984d78c81ebcb356ffaa13d52,['6d1651e6c555d7ccc89044665042ad45'],1,['AB_Relocation'],1
54,1f416203c9a2b1bbac5427e0f4f03bac,['41b126062cfcfd5e909511675878bacd'],1,['V_IDD'],1
55,20fac8de11078e10865f68ccaebc4d0b,['bd60e0087acdac3b468e12a2a9f4bcae'],1,['AB_Service Vacation'],1
56,211bbb4246a7e424fe036570c28e89bd,['0c43717f6cafdee05899b9e7e6ad8972'],1,"['V_Call Forwarding', 'V_Call Waiting', 'V_Hotline Service', 'V_Call Forwarding-Immediate', 'V_Call Forwarding-No Answer', 'V_Hotline-Time Delayed', 'V_Call Forwarding-On Busy', 'V_Absentee service', 'V_Abbreviated Dialing', 'V_Call Transfer Three way']",10
57,226bcbf5205f654ced1b49cb2b5a6aa2,['54c299094d9667a162d2952acf8b40b0'],1,"['V_Abbreviated Dialing', 'V_Call Forwarding', 'V_Call Waiting', 'V_Call Forwarding-Immediate', 'V_Call Forwarding-On Busy', 'V_Call Forwarding-No Answer', 'V_Hotline Service', 'V_Absentee service', 'V_Hotline-Time Delayed']",9
58,22cf709d30168c38d475974124ed3dd2,['b94c4c18045ae0ebb988b9b1d1d2c49a'],1,['V_Basic Phone Installment'],1
59,22d7fab42cc1991010b94246950473e0,['e214b7ec997d1c1e6acf7ef700a7a66a'],1,"['V_DQ Contact Details', 'V_IDD', 'AB_Megaline']",3
60,23c874728c93feb8f9c766348092bb90,['ecca01f0c295b700ca15f02b52de1f60'],1,['V_Installment'],1
61,24e084c6291bdfe81bf338f9e8494fc4,['b2f6f44886be2632a815514a3cc5375d'],1,"['E_PeoTV Initiation', 'E_TSTV', 'E_Video on Demand']",3
62,25b804335db0f3970f253971239afaa7,['e96f6b68f64f5ce19ecc5300bbd888fb'],1,"['E_TSTV', 'E_PeoTV Initiation', 'E_Video on Demand']",3
63,261e9e1143f277ef9b522244662b3af3,['38a1e34a610db93a7e0c689ee83d6fda'],1,"['V_Call Forwarding Offline', 'V_Call Forwarding by time', 'V_Call back on busy', 'V_Outgoing Call Memory', 'V_Absentee service', 'V_Call Forwarding', 'V_Call Waiting', 'V_Abbreviated Dialing', 'V_Call Transfer Three way', 'V_Call Forwarding-On Busy', 'V_Call Forwarding-No Answer', 'V_Call Forwarding-Immediate', 'V_CLI presentation in call waiting', 'V_Incoming Call Memory', 'V_Call park', 'V_Incoming Call Transfer', 'V_Anonymous call barring', 'V_Call holding']",18
64,262cb0e65c8c25018182a7299bfd5e5c,['9118f2047a0b6af18d8d5c2835446a9e'],1,"['E_TSTV', 'E_PeoTV Initiation', 'V_IDD', 'E_Video on Demand']",4
65,26f7b98917ce76fd6ef841bb9eacf706,['8412210aff6be6a4be9daf86f61b747d'],1,"['V_Incoming Call Transfer', 'V_Call park', 'V_Outgoing Call Memory', 'V_Incoming Call Memory', 'V_Anonymous call barring', 'V_Call back on busy', 'V_Call holding', 'V_Call Forwarding Offline', 'V_CLI presentation in call waiting', 'V_Call Forwarding by time', 'V_Call Forwarding-On Busy', 'V_Call Forwarding-No Answer', 'V_Call Forwarding-Immediate', 'V_Absentee service', 'V_Abbreviated Dialing', 'V_Call Transfer Three way', 'V_Call Forwarding', 'V_Call Waiting']",18
66,279dc4ef4fa6c59a4f19cf2de5fe9df5,['c2bda08608df327bdc42c2edecb94027'],1,"['AB_Megaline', 'V_SLT CLI', 'V_DQ Contact Details', 'V_IDD', 'V_Single VAS Bundle', 'AB_Relocation']",6
67,27cab4914d674506b1754c1cc308eee9,['87ad9ba1929d25a277bfcc8eadee6284'],1,"['E_TSTV', 'E_PeoTV Initiation', 'E_Video on Demand']",3
68,285fd3fdedeed786815c2e02baad3d84,['82dec366d337db00245e0e6963195fb6'],1,"['V_Anonymous call barring', 'V_Call park', 'V_Outgoing Call Memory', 'V_Call holding', 'V_CLI presentation in call waiting', 'V_Call back on busy', 'V_Call Forwarding by time', 'V_Call Forwarding Offline', 'V_Abbreviated Dialing', 'V_Incoming Call Transfer', 'V_Incoming Call Memory', 'V_Absentee service', 'V_Call Transfer Three way', 'V_Call Forwarding', 'V_Call Waiting', 'V_Call Forwarding-On Busy', 'V_Call Forwarding-No Answer', 'V_Call Forwarding-Immediate', 'E_PeoTV Initiation', 'E_Video on Demand']",20
69,2b2257ee9dc43a0c625c1a8268bc8799,['cbdef706d4af1ca980d750d74f742a89'],1,"['E_Referral offer Discount', 'AB_Referral offer Discount']",2
70,2c9fdba97df99b4cfe48a7fdfc2a9d83,['f8c947ff80d6f562c2256c26ee301acc'],1,"['V_Single VAS Bundle', 'V_SLT Voice Service', 'V_SLT CLI', 'V_IDD', 'V_DQ Contact Details', 'V_Absentee service', 'V_Abbreviated Dialing', 'V_Call Transfer Three way', 'V_Call Forwarding', 'V_Call Waiting', 'V_Call Forwarding-Immediate', 'V_Call Forwarding-On Busy', 'V_Call Forwarding-No Answer']",13
71,2d8ca5a210480e456c8ea7ec4fa11778,['3b3386ef1f4e0d6055851c7f7eb30f55'],1,['V_Installment'],1
72,2dcd61331bcf51f7c5145d5445fb4a89,['bb1d0592800d36785b99ae1fba51179c'],1,"['V_Call Forwarding Offline', 'V_Hotline-Immediate', 'V_Hotline Service', 'V_Call Forwarding', 'V_Hotline-Time Delayed']",5
73,2eda8f5eed84231508079b78895a75b3,['2c2dbb8b5a437da56522ad3655ee63a9'],1,"['V_Call Forwarding-No Answer', 'V_Absentee service', 'V_Abbreviated Dialing', 'V_Call Transfer Three way', 'V_Call Forwarding', 'V_Call Waiting', 'V_Call Forwarding-Immediate', 'V_Call Forwarding-On Busy']",8
74,2edb9a80d77870446fbc687e8c1aac11,['9e78c29b7e189cc5485184c42ea00d56'],1,"['V_Hotline Service', 'V_Absentee service', 'V_Abbreviated Dialing', 'V_Call Transfer Three way', 'V_Call Forwarding', 'V_Call Waiting', 'V_Call Forwarding-Immediate', 'V_Call Forwarding-On Busy', 'V_Call Forwarding-No Answer']",9
75,3030f90b7118e741f52dd8421a83145a,['155a2049729884b079ccaa8aca315e09'],1,"['V_DQ Contact Details', 'AB_Megaline', 'AB_Megaline Startup', 'V_IDD']",4
76,309fe193ea75e56132828dd2a29a9b43,['eed7f3f30674586c49a71e0a84f28ce9'],1,"['AB_Megaline', 'V_DQ Contact Details', 'V_SLT CLI', 'AB_Megaline Startup', 'V_IDD']",5
77,30f679c86cc9469c2026366cfbe868c2,['8ff87453185d67c93ede40f028bf8927'],1,"['V_Call Transfer Three way', 'V_Absentee service', 'V_Abbreviated Dialing', 'V_Call Forwarding', 'V_Call Waiting', 'V_Hotline Service', 'V_Call Forwarding-Immediate', 'V_Call Forwarding-On Busy', 'V_Call Forwarding-No Answer', 'V_Hotline-Time Delayed']",10
78,317d85dea9d40aa4ab874731fd56b82f,['60b3f37fb2d50c5a26a92ba63be32615'],1,"['E_SLT PeoTV Service', 'E_Video on Demand', 'E_TSTV']",3
79,319b2b2f622c6c8f1a84774710e2ffea,['2c10a0a4b9eddcfa656c43d5da4b2b70'],1,"['V_DQ Contact Details', 'V_IDD', 'AB_Megaline', 'AB_Rental Free']",4
80,322fe107e69d675e78870f1cf45427f2,['dfe6e5ee1637f373cf5e350b58e293b2'],1,"['V_Call holding', 'V_Incoming Call Transfer', 'V_Outgoing Call Memory', 'V_Absentee service', 'V_Abbreviated Dialing', 'V_Call Transfer Three way', 'V_Call Forwarding', 'V_Call Waiting', 'V_Call Forwarding-Immediate', 'V_Call Forwarding-On Busy', 'V_Call Forwarding-No Answer', 'V_Incoming Call Memory', 'V_Call Forwarding by time', 'V_Call Forwarding Offline']",14
81,323804e028b7e638817d6ae8b0b2d357,['f362bb8489257ac7a222566a865529f6'],1,"['V_DQ Contact Details', 'AB_Megaline', 'AB_Megaline Startup']",3
82,32471f4c24b1c46ee06b8f877a763567,['570e705d3f14c0ad08f0ed304b860597'],1,"['V_Call Transfer Three way', 'V_Absentee service', 'V_Abbreviated Dialing', 'V_Call Forwarding', 'V_Call Waiting', 'V_Hotline Service', 'V_Call Forwarding-Immediate', 'V_Call Forwarding-On Busy', 'V_Call Forwarding-No Answer', 'V_Hotline-Time Delayed', 'V_Hotline-Immediate']",11
83,324b619c08188c4cdfd0b18390013049,['5bb03273e10f7df788d5cf560f83a7e5'],1,['V_Basic Phone Installment'],1
84,32d6114d307a0175d024ddb370b2a250,['6446fd3149b40d0ae542969ad92dcdd4'],1,"['V_IDD', 'V_Hotline Service', 'V_Call Forwarding']",3
85,32e55deb720baed33e5f03a2edae6039,['1a67bea22bd4ad301694e0eaf7706ce8'],1,"['V_Call Forwarding-No Answer', 'V_Hotline-Time Delayed', 'V_Absentee service', 'V_Abbreviated Dialing', 'V_Call Transfer Three way', 'V_Call Forwarding', 'V_Call Waiting', 'V_Hotline Service', 'V_Call Forwarding-Immediate', 'V_Call Forwarding-On Busy']",10
86,34128431ac0b3f55a6c31140e6d9a06e,['902bacdcb17c3bd7881091f413c8b635'],1,"['E_Video on Demand', 'E_PeoTV Initiation', 'E_TSTV']",3
87,3462543c01d69487705f94fd91de727a,['bb4c246f3892044c46cd645a72b22684'],1,"['P_IDD', 'P_Additional features -Double VAS Bundle', 'P_SLT CLI', 'P_Megaline', 'DQ_Contact Details', 'P_Megaline New Connection', 'P_Incoming Call Transfer', 'P_Call Transfer Three way', 'P_Call holding', 'P_Call Forwarding Offline', 'P_Outgoing Call Memory', 'P_Call back on busy', 'V_Call Forwarding Offline', 'V_Incoming Call Transfer', 'V_CLI presentation in call waiting', 'V_Call Transfer Three way', 'V_Double VAS Bundle', 'V_IDD', 'V_DQ Contact Details', 'V_SLT CLI', 'V_Incoming Call Memory', 'V_Call park', 'V_Call back on busy', 'V_Call holding', 'V_Outgoing Call Memory', 'P_CLI presentation in call waiting', 'P_Call Forwarding by time', 'P_Incoming Call Memory', 'AB_Copper Access Bearer', 'P_Anonymous call barring', 'P_Call park', 'AB_Megaline', 'V_SLT Voice Service', 'AB_Megaline Startup', 'V_Call Forwarding by time', 'V_Anonymous call barring']",36
88,3588bcf2b85e15cab9371b4dc1af23be,['35d678929dbaa56ab419bdcdcc764658'],1,['V_Basic Phone Installment'],1
89,3662f96df9ffec92a0be9b3b4639057c,['2fde9a3baa0d34c9ca75d1fdebd7f861'],1,['AB_Relocation'],1
90,36836083339d24405e9dee06976c4290,['b4ebf69d102a8eab6a6c7004a3d22d2f'],1,"['AB_Megaline', 'AB_Megaline Startup', 'V_DQ Contact Details', 'V_SLT CLI', 'V_IDD', 'V_Double VAS Bundle']",6
91,36860211e8c3eb8efbf5729feebabdb8,['42e4f6fa89f25f7652bedec1cd0423ef'],1,"['V_SLT CLI', 'V_SLT Voice Service', 'V_IDD', 'V_DQ Contact Details', 'V_Single VAS Bundle', 'V_Outgoing Call Memory', 'V_Call Forwarding Offline', 'V_Call holding', 'V_Incoming Call Memory', 'V_Call Forwarding by time', 'V_Incoming Call Transfer', 'V_Call Transfer Three way']",12
92,3688ab6dda4e3f00fe2105312cfeac17,['54f16eb9c93bf0654c1a261e5c4af944'],1,"['V_Call Transfer Three way', 'V_Absentee service', 'V_Abbreviated Dialing', 'V_Call Forwarding', 'V_Call Waiting', 'V_Call Forwarding-Immediate', 'V_Call Forwarding-On Busy', 'V_Call Forwarding-No Answer']",8
93,370388c74ac6c26daab046792aec7769,['184546eb59e9c5e212ecc3f19a93d6e1'],1,"['V_Absentee service', 'V_Abbreviated Dialing', 'V_Call Transfer Three way', 'V_Call Forwarding', 'V_Call Waiting', 'V_Call Forwarding-Immediate', 'V_Call Forwarding-On Busy', 'V_Call Forwarding-No Answer']",8
94,37161fef49494cbf67eea792daad122c,['adf3030ac8f7e9ae0417adb6664329ac'],1,"['V_Call Waiting', 'V_Call holding', 'V_Incoming Call Memory', 'V_Call Forwarding-No Answer', 'V_Hotline-Time Delayed', 'V_Outgoing Call Memory', 'V_Call Forwarding-On Busy', 'V_Hotline-Immediate', 'V_Call Forwarding Offline', 'V_Short Message Service', 'V_Abbreviated Dialing', 'V_Hotline Service', 'V_Absentee service', 'V_Call Forwarding by time', 'V_Call Forwarding-Immediate', 'V_Caller Line Identification', 'V_Call Forwarding']",17
95,37b640aed304fffa3dcef2a324b6bafc,['a3a081d40c100285156b0a757388a299'],1,"['V_Call back on busy', 'V_Anonymous call barring', 'V_Incoming Call Transfer', 'V_Call Transfer Three way', 'V_Call Forwarding Offline', 'V_Outgoing Call Memory', 'V_CLI presentation in call waiting', 'V_Call Forwarding by time', 'V_Call holding', 'V_Call park', 'V_Incoming Call Memory']",11
96,387e51b4318301d87293fee085b09d42,['2e15cee02d0989d0beba68d1fe1dacb9'],1,"['V_Call Transfer Three way', 'V_Absentee service', 'V_Abbreviated Dialing', 'V_Call Forwarding', 'V_Call Waiting', 'V_Call Forwarding-Immediate', 'V_Call Forwarding-On Busy', 'V_Call Forwarding-No Answer']",8
97,38af2d5db1acbd281e0bae4e714133fc,['8be03a45565c4d9b39053f51032cff6c'],1,"['E_TSTV', 'AB_Megaline', 'V_IDD', 'V_DQ Contact Details', 'E_PeoTV Initiation', 'E_Video on Demand', 'M_Activation Charge']",7
98,398b37b6da827c98ee4a78fbfc57f130,['f3c66e345d33ae1060e72a22e908f525'],1,"['V_DQ Contact Details', 'V_SLT Voice Service', 'V_Single VAS Bundle', 'V_SLT CLI']",4
99,3b441927a91a30b7daccc836acbfb12f,['a444f3e3d27853c8b58a2584808d4323'],1,"['V_Call park', 'V_Absentee service', 'V_Abbreviated Dialing', 'V_Call Transfer Three way', 'V_Call Forwarding', 'V_Call Waiting', 'V_Hotline Service', 'V_Call Forwarding-On Busy', 'V_Call Forwarding-No Answer', 'V_Call Forwarding-Immediate', 'V_Hotline-Time Delayed', 'V_Hotline-Immediate', 'AB_Service Vacation', 'V_Incoming Call Transfer', 'V_Anonymous call barring', 'V_Incoming Call Memory', 'V_Call Forwarding Offline', 'V_Outgoing Call Memory', 'V_Call holding', 'V_Call Forwarding by time', 'V_Call back on busy', 'V_CLI presentation in call waiting']",22
100,3c05b9bbd4738536d27d0bcf25b89f79,['817f243cda91af5c307cf6ee43fea043'],1,['AB_Service Vacation'],1
101,3c1fb4f1735abdecb81d29a5e14bad63,['cdf90b13c5d9a931b80e3b2240a68564'],1,"['V_Absentee service', 'V_Abbreviated Dialing', 'V_Call Transfer Three way', 'V_Hotline Service', 'V_Call Forwarding', 'V_Call Waiting', 'V_Call Forwarding-Immediate', 'V_Call Forwarding-On Busy', 'V_Call Forwarding-No Answer']",9
102,3c5f944ac7ca4dae15214e9a2a1fc4fe,['1f5b13e62d39286122444190ffc78388'],1,"['E_Referral offer Discount', 'AB_Referral offer Discount']",2
103,3cec49dbfa55280f597e71096f17a579,['f8e6676be134123306b135068462ae31'],1,"['V_Call Transfer Three way', 'V_Absentee service', 'V_Abbreviated Dialing', 'V_Call Forwarding', 'V_Call Waiting', 'V_Call Forwarding-Immediate', 'V_Call Forwarding-On Busy', 'V_Call Forwarding-No Answer']",8
104,3e3066c57fdadc381bb9e0e603b5b411,['da910d15d0505e1a23fc00f75c186553'],1,"['V_Hotline-Immediate', 'V_Call Waiting', 'V_Call Forwarding-Immediate', 'V_Call Forwarding-On Busy', 'V_Absentee service', 'V_Abbreviated Dialing', 'V_Call Transfer Three way', 'V_Call Forwarding', 'V_Hotline Service', 'V_Call Forwarding-No Answer', 'V_Hotline-Time Delayed']",11
105,3e30968d89f888aeed2d32c14bbd91ba,['f16592e796be208a4f35ab35acb6a0e8'],1,"['E_Video on Demand', 'E_TSTV', 'E_PeoTV Initiation', 'V_Call Forwarding', 'V_Hotline Service']",5
106,3e856543f0890a9c98d4ea038b487dce,['7622551b43fa1a12f9440f9d328ef759'],1,"['V_Call park', 'V_Call back on busy', 'V_Call holding', 'V_Outgoing Call Memory', 'V_CLI presentation in call waiting', 'V_Call Transfer Three way', 'V_Call Forwarding by time', 'V_Anonymous call barring', 'V_Incoming Call Transfer', 'V_Call Forwarding Offline', 'V_Incoming Call Memory']",11
107,3e95dd47b2766c3c53304580e84bcb58,['dd8a4d89a889f334738904c7a64905d4'],1,"['V_Call Forwarding Offline', 'V_Incoming Call Memory', 'V_Incoming Call Transfer', 'V_Call Transfer Three way', 'V_Call Forwarding by time', 'V_Outgoing Call Memory', 'V_Call holding']",7
108,3ec238485f292e3784987c0bb81b41d0,['2eb5aeccf29e5317936332e6787c605f'],1,"['AB_Megaline', 'V_Call Forwarding', 'V_Single VAS Bundle', 'V_DQ Contact Details']",4
109,4026c5481a32cdb6f7042c011e0a4228,['aaa6f63fb92eb75ae073b5ae43c5c07a'],1,"['V_Call Transfer Three way', 'V_Absentee service', 'V_Abbreviated Dialing', 'V_Call Forwarding', 'V_Call Waiting', 'V_Hotline Service', 'V_Call Forwarding-Immediate', 'V_Call Forwarding-On Busy', 'V_Call Forwarding-No Answer', 'V_Hotline-Time Delayed', 'V_Hotline-Immediate']",11
110,408ac385cbd40553493fe63ab86822dd,['b182e52a2b683568bc7638de04fa7e27'],1,"['V_Call park', 'V_Incoming Call Memory', 'V_Call holding', 'V_Call back on busy', 'V_Call Forwarding by time', 'V_Outgoing Call Memory', 'V_Anonymous call barring', 'V_Call Transfer Three way', 'V_Call Forwarding Offline', 'V_Incoming Call Transfer', 'V_CLI presentation in call waiting', 'E_Video on Demand', 'E_TSTV']",13
111,40fea6b7ad07b39a661d17c21f3b916b,['63bbcf692bfb98cca37b8fe8621cff62'],1,"['V_DQ Contact Details', 'V_SLT CLI', 'V_SLT Voice Service', 'V_Abbreviated Dialing', 'V_Single VAS Bundle', 'AB_Copper Access Bearer', 'AB_Megaline', 'V_IDD', 'V_Absentee service', 'V_Call Transfer Three way', 'V_Call Forwarding', 'V_Call Waiting', 'V_Call Forwarding-Immediate', 'V_Call Forwarding-On Busy', 'V_Call Forwarding-No Answer', 'V_E-channeling Registration']",16
112,44162acd7e6e76b41685c9c5ae3e5498,['5fa1400e215edfa1f523ab319e37e8d6'],1,"['V_Call Forwarding', 'V_Caller Line Identification', 'V_Short Message Service', 'V_Call holding', 'V_Outgoing Call Memory', 'V_Call Forwarding-Immediate', 'V_Call Forwarding-On Busy', 'V_Call Forwarding-No Answer', 'V_Hotline-Immediate', 'V_Hotline-Time Delayed', 'V_Call Forwarding Offline', 'V_Abbreviated Dialing', 'V_Call Waiting', 'V_Hotline Service', 'V_Absentee service', 'V_Call Forwarding by time', 'V_Incoming Call Memory']",17
113,44a472c062975456d8f770c8db4faab5,['b39af2e44a079b73aa9422d528fa736b'],1,"['E_TSTV', 'E_PeoTV Initiation', 'E_Video on Demand']",3
114,4520c37b3625b1e8af30b51159e921dd,['0924c0f84c090ed5cbb749db91c6b9c2'],1,['V_Cordeless Phone - Installment'],1
115,4526ea057a7e9eda60fdf31c1b54f84a,['3c5c0a8e66986de15c0c8ddb49227f1b'],1,"['V_Incoming Call Transfer', 'V_Call holding', 'V_Anonymous call barring', 'V_Call park', 'V_Call Forwarding Offline', 'V_Incoming Call Memory', 'V_Call back on busy', 'V_Outgoing Call Memory', 'V_Call Forwarding by time', 'V_CLI presentation in call waiting', 'V_Call Forwarding', 'V_Absentee service', 'V_Abbreviated Dialing', 'V_Call Transfer Three way', 'V_Call Waiting', 'V_Call Forwarding-On Busy', 'V_Call Forwarding-No Answer', 'V_Call Forwarding-Immediate']",18
116,4567df0546f79f76dce204728cae31b4,['14aea01b3c966ebbac043c50ce14f65d'],1,"['V_Abbreviated Dialing', 'V_Call Transfer Three way', 'V_Call Forwarding', 'V_Call Waiting', 'V_Call Forwarding-Immediate', 'V_Call Forwarding-On Busy', 'V_Call Forwarding-No Answer']",7
117,46cadcce5c7e44bc3a9127081046e555,['75d964d0d2d21d44778be4a78dcf91f5'],1,['V_Basic Phone Installment'],1
118,472622f1efa002f13af9ffbbea33a16b,['d4fbe1bb4c97d1b5f5b94b13417fd4d2'],1,"['V_Call park', 'V_Call Forwarding by time', 'V_Call holding', 'V_Call back on busy', 'V_CLI presentation in call waiting', 'V_Call Forwarding Offline', 'V_Outgoing Call Memory', 'V_Incoming Call Memory', 'V_Anonymous call barring', 'V_Incoming Call Transfer', 'V_Call Transfer Three way']",11
119,478ef171fb060d185ec7cc6f0581cc43,"['b21bfa105712749344a5810e09003127', 'c190e1ce27e9e83227aa91494ae7a0df']",2,"['AB_Megaline', 'V_Single VAS Bundle', 'V_SLT CLI', 'V_DQ Contact Details', 'V_Detailed Bill', 'V_IDD']",6
120,47cd867e6b0b270d4c6b928319313ccb,['d82ac4069c842bd72eb01df480dd55a4'],1,"['V_Basic Phone Installment', 'V_Basic Phone']",2
121,47d3bf8a16a965d3dd70df42c0b578fe,['4d655366d48ac593216938313cd66590'],1,"['V_Hotline Service', 'V_Call Forwarding', 'V_Abbreviated Dialing', 'V_Call Waiting', 'V_Absentee service', 'V_Call Forwarding-Immediate', 'V_Call Forwarding-On Busy', 'V_Call Forwarding-No Answer', 'V_Hotline-Time Delayed']",9
122,4895f18556e25b1830646f4b85651918,['39ceab663fa594d383843a42d3c51882'],1,"['V_Abbreviated Dialing', 'V_Absentee service', 'V_Call Transfer Three way', 'V_Call Forwarding', 'V_Call Waiting', 'V_Call Forwarding-Immediate', 'V_Call Forwarding-On Busy', 'V_Call Forwarding-No Answer', 'E_PeoTV Initiation', 'E_TSTV', 'E_Video on Demand', 'V_Hotline Service']",12
123,499372011a7ad7620c35d3bebae729d0,['8dcd6322b459e87c68aca92c68406377'],1,"['E_TSTV', 'E_Video on Demand']",2
124,49e35911791c4d8b5de0ce3e031d182d,['19f6622a70b16164995db6c6f47f1091'],1,"['V_Call Forwarding-No Answer', 'V_Abbreviated Dialing', 'V_Call Transfer Three way', 'V_Call Forwarding', 'V_Call Waiting', 'V_Call Forwarding-Immediate', 'V_Call Forwarding-On Busy', 'V_Incoming Call Transfer', 'V_Incoming Call Memory', 'V_Call Forwarding Offline', 'V_Outgoing Call Memory', 'V_Absentee service']",12
125,4a15030d4e88c1314384ead689929f73,['7aefb8dee512c9dabed9f8d37ea1d2ce'],1,"['E_Video on Demand', 'E_SLT PeoTV Service', 'E_TSTV']",3
126,4aadcfd5c6c1669a505b26de580633af,['b4ff3f8e27c95214144fd1b6121a3c60'],1,['AB_Megaline Startup'],1
127,4af57fa00ca31102afabc9b2b19966a0,['59843483e80c505d2b8cee4f5ac6aecf'],1,['V_Installment'],1
128,4b70933dddeb07ffb4b52ed8a790f911,['f0196a61ee0820fc4551503a62b32f16'],1,"['V_Hotline-Time Delayed', 'V_Hotline Service', 'V_Call Forwarding', 'V_Call Forwarding Offline', 'V_Hotline-Immediate']",5
129,4c2d153d71ac1303acec84da23f3de27,['d7d4b6e066525bb42367119c91b7452f'],1,"['V_Absentee service', 'V_Call Forwarding']",2
130,4c300d3b50d2c85c0386a11aef92281c,['80ee12d1dbe4af2c222a775e257b000d'],1,"['E_SLT PeoTV Service', 'E_Video on Demand', 'E_TSTV']",3
131,4d38f8637a4eae8a8057927a14b0995c,['2d0e1d7afef8b9a6c4481da0c58d6c4b'],1,"['E_TSTV', 'E_PeoTV Initiation', 'E_Video on Demand']",3
132,4f19598e79d431fdeb86579d366fa0e0,['6cdfde7101d4149a370033540626cfa7'],1,['AB_Service Vacation'],1
133,4f4f556b26c494473cf0dc35900ae3eb,['df897cfecefffcd762793e988e050544'],1,"['AB_Megaline', 'V_Call Forwarding - No Answer', 'V_Call Forwarding - On Busy', 'V_Absentee service', 'V_Abbreviated Dialing', 'V_Call Transfer Three way', 'V_Call Forwarding', 'V_Call Waiting', 'V_Call Forwarding-Immediate', 'V_Call Forwarding-On Busy', 'V_Call Forwarding-No Answer', 'E_Video on Demand', 'E_PeoTV Initiation', 'E_TSTV']",14
134,5012580e4e22ef4a34c514164caf9ea7,['05cfe8f4323299542b61cfdb60232095'],1,"['E_PeoTV Initiation', 'E_TSTV', 'E_Video on Demand']",3
135,50b9692de7a043a7db33e807750cd677,['834dad7367736c3ad194b0fcecb9fdfa'],1,"['V_Absentee service', 'V_Call Forwarding']",2
136,5119cef59f92ea1f64d6e23cc440d645,['6b553f6e14b49d1ae5329d119dd0bba1'],1,"['V_Call Forwarding', 'V_Hotline Service']",2
137,511d783a0c9fb3a1a53232bfb501e0fa,['ed2bbf95d9be136ccc0c4df60a4b3229'],1,"['E_TSTV', 'E_Video on Demand', 'E_PeoTV Initiation']",3
138,52a7c660e9036f688e1c72c30c1580a2,['45e3380d0285284e766ed2945db1b9a4'],1,"['V_SLT Voice Service', 'V_Single VAS Bundle', 'V_SLT CLI', 'V_DQ Contact Details', 'V_IDD', 'AB_Megaline Startup', 'V_Absentee service', 'V_Abbreviated Dialing', 'V_Call Transfer Three way', 'V_Call Forwarding', 'V_Call Waiting', 'V_Call Forwarding-Immediate', 'V_Call Forwarding-On Busy', 'V_Call Forwarding-No Answer', 'AB_Copper Access Bearer', 'AB_Megaline']",16
139,52e7c04d12cb33c77031760584a9586e,['23a39137697edbb30a094dd99a22a88f'],1,"['V_Abbreviated Dialing', 'V_Call Transfer Three way', 'V_SLT Voice Service', 'V_Single VAS Bundle', 'V_DQ Contact Details', 'V_IDD', 'V_Absentee service', 'V_Call Forwarding-On Busy', 'V_Call Forwarding-No Answer', 'V_Call Forwarding', 'V_Call Waiting']",11
140,53196309b68056efc0c257a99f70ec51,['b4ea13bfc04e89200ba503bc31c8c9aa'],1,"['AB_Megaline Startup', 'V_DQ Contact Details', 'E_TSTV', 'E_Video on Demand', 'V_SLT Voice Service', 'V_SLT CLI', 'AB_Copper Access Bearer', 'AB_Megaline', 'E_SLT PeoTV Service', 'V_Single VAS Bundle']",10
141,5455c60802d6d55b90a250ff5e3c18b8,['3a0ca8aba53e0b92ccb3d1d5cbefe641'],1,['AB_Service Vacation'],1
142,546191b74cd49d23ccd327a3361b1f1a,['25bb001a9a7d38b64b7c97d98b82ef73'],1,"['V_Outgoing Call Memory', 'V_Caller Line Identification', 'V_Abbreviated Dialing', 'V_Absentee service', 'V_Hotline Service', 'V_Call Forwarding', 'V_Call Waiting', 'V_Anonymous call barring', 'V_Call back on busy', 'V_Hotline-Time Delayed', 'V_Call Forwarding-On Busy', 'V_Call park', 'V_Call Transfer Three way', 'V_CLI presentation in call waiting', 'V_Incoming Call Memory', 'V_Incoming Call Transfer', 'V_Hotline-Immediate', 'V_Call Forwarding-Immediate', 'V_Call Forwarding-No Answer', 'V_Call Forwarding by time', 'V_Call Forwarding Offline', 'V_Call holding']",22
143,55619415b9de28ef8af1650300da5a1c,['b77ef9ec0d9fe45c9e0b847e550c20bd'],1,"['V_Call Waiting', 'V_Call Forwarding', 'E_SLT PeoTV Service', 'V_Absentee service', 'V_Abbreviated Dialing', 'V_Call Transfer Three way', 'E_TSTV', 'V_Hotline Service', 'V_Call Forwarding-Immediate', 'V_Call Forwarding-On Busy', 'V_Call Forwarding-No Answer', 'V_Hotline-Time Delayed', 'V_Hotline-Immediate', 'E_Video on Demand']",14
144,558594e1ae9f42f27b544e28bfce255d,['8fde1ed57277881e8ca0cc7998187227'],1,"['V_Call Forwarding-No Answer', 'V_Call Forwarding-Immediate', 'V_Call Forwarding-On Busy', 'V_Absentee service', 'V_Abbreviated Dialing', 'V_Call Transfer Three way', 'V_Call Forwarding', 'V_Call Waiting']",8
145,565bf02e5eee7b425b8e98f6b255c4dd,['4dc46eb2f61302fdb7287b6bb82431bc'],1,"['V_Outgoing Call Memory', 'V_Call park', 'V_Call back on busy', 'V_Anonymous call barring', 'V_Incoming Call Transfer', 'V_Call Forwarding Offline', 'V_Incoming Call Memory', 'V_CLI presentation in call waiting', 'V_Call Transfer Three way', 'V_Call holding', 'V_Call Forwarding by time', 'E_TSTV', 'E_Video on Demand']",13
146,56b6ed37e0621100f8768b156fa7b14a,['182486ef8edf03ffee6d14a8943c2614'],1,"['V_SLT CLI', 'V_Sisu Connect']",2
147,57d0ebbfc42913b86c8b57d2b77dddf7,['ef0cc98b45622e17b372e1a49692fc57'],1,['V_Installment'],1
148,5881470c0ab60e6d4b789346b63687c9,['e1ba7263947fdd64f737c0f708487e88'],1,"['V_Absentee service', 'V_Abbreviated Dialing', 'V_Call Transfer Three way', 'V_Call Forwarding', 'V_Call Waiting', 'V_Call Forwarding-Immediate', 'V_Call Forwarding-On Busy', 'V_Call Forwarding-No Answer']",8
149,589f06e6c3e0b7edaa362d3d35eb91bb,['94a004a3eaa31fe0bf41ef4d9ef43c2e'],1,['AB_Service Vacation'],1
150,590a74c64da4a116f7add0655b3938d4,['a2b518b6ecef2195815d78069bc89e39'],1,"['V_Secretary service', 'V_Call park', 'V_Selective call rejection', 'V_Selective call waiting', 'V_Incoming Call Memory', 'V_CLI presentation in call waiting', 'V_Do not disturb service', 'V_Call back on busy', 'V_Complete call on no response', 'V_Call Forwarding Offline', 'V_Call forwarding selective', 'V_Password call barring (secret code)', 'V_Anonymous call barring', 'V_Call holding', 'V_Caller name identificationPresentation', 'V_Incoming Call Transfer', 'V_Caller name sending', 'V_Selective call acceptance', 'V_Call Forwarding by time', 'V_Outgoing Call Memory', 'V_Absentee service', 'V_Abbreviated Dialing', 'V_Call Transfer Three way', 'V_Call Forwarding', 'V_Call Waiting', 'V_Call Forwarding-On Busy', 'V_Call Forwarding-No Answer', 'V_Call Forwarding-Immediate']",28
151,59600c518e06137a7cfce173bb795123,"['c66f48cb1851723d3190c7ddb2442434', '3a6e8c896fdb51324a059db9b3f0276d', 'dc7a94cc537765beaa63e26cd66aa083']",3,"['V_Call Waiting', 'V_Call holding', 'V_Call Forwarding by time', 'V_Incoming Call Memory', 'V_Outgoing Call Memory', 'V_Hotline-Immediate', 'V_Call Forwarding-No Answer', 'V_Caller Line Identification', 'V_Call Forwarding-Immediate', 'V_Call Forwarding-On Busy', 'V_Hotline-Time Delayed', 'V_Absentee service', 'V_Call Forwarding Offline', 'V_Abbreviated Dialing', 'V_Hotline Service', 'V_Call Forwarding']",16
152,59be3e8d6f2867672309702b95f2a0c3,['d2ee92adace8fee372a6ae3ad2fef6be'],1,"['V_Incoming Call Transfer', 'V_Call Transfer Three way', 'V_Double VAS Bundle', 'V_SLT CLI', 'V_DQ Contact Details', 'AB_Megaline Startup', 'V_Call holding', 'V_Anonymous call barring', 'V_Call park', 'V_Call Forwarding by time', 'V_Incoming Call Memory', 'V_IDD', 'AB_Megaline', 'V_Call back on busy', 'V_Call Forwarding Offline', 'V_CLI presentation in call waiting', 'V_Outgoing Call Memory']",17
153,59e3494948116329f4c0eb70e5363c73,['928c06382c699e79fb4f8a8630215b48'],1,"['V_Call Forwarding Offline', 'V_Call holding', 'V_Outgoing Call Memory', 'V_Call Forwarding by time', 'V_Incoming Call Memory', 'V_Incoming Call Transfer', 'V_Abbreviated Dialing', 'V_Call Transfer Three way', 'V_Call Forwarding', 'V_Call Waiting', 'V_Call Forwarding-Immediate', 'V_Call Forwarding-On Busy', 'V_Call Forwarding-No Answer']",13
154,5bc8f4caad0c82624d8ba7b0e0ddd84e,['fc77db5a9efeccfaace51889f68e3f22'],1,"['E_Video on Demand', 'E_TSTV']",2
155,5c02448a2ff32ce3570e5a543c95d6fe,['81fc9f211d67c6c6a7fbb181988f0f02'],1,"['V_DQ Contact Details', 'V_IDD', 'V_Single VAS Bundle', 'AB_Megaline']",4
156,5e17e5e9e9ed40a9414df088089dc7a9,['16195107431d4bf91071113c02e7f959'],1,['V_Basic Phone Installment'],1
157,5e60e5da9351ad15164d1dd71a78c1da,['75fc93346975a071b34fca3f08c61373'],1,"['V_Absentee service', 'V_Abbreviated Dialing', 'V_Call Transfer Three way', 'V_Call Forwarding', 'V_Call Waiting', 'V_Hotline Service', 'V_Call Forwarding-Immediate', 'V_Call Forwarding-On Busy', 'V_Call Forwarding-No Answer', 'V_Hotline-Time Delayed', 'V_Hotline-Immediate']",11
158,5e75a4c273f87a3f3f935117b38b9b4e,['08eb64b67829f5df06e65577c25d2a53'],1,['V_Call Barring - Outgoing'],1
159,5ecc5dced9ea163b340fae6c48b9128c,['321c06500f5d275d5f97846115492b78'],1,"['V_Call Forwarding by time', 'V_Call holding', 'V_Call back on busy', 'V_Incoming Call Transfer', 'V_Call park', 'V_Outgoing Call Memory', 'V_Call Transfer Three way', 'V_Anonymous call barring', 'V_Call Forwarding Offline', 'V_CLI presentation in call waiting', 'V_Incoming Call Memory']",11
160,5f0d870bb9a28b6179993177440b00ea,['a08fd8d164ce7c027470da09796c8ff6'],1,"['AB_Referral offer Discount', 'E_Referral offer Discount']",2
161,5f21a09389f5e7963811ea846f5b00c9,['c8843e2842e58a641a3e9b6e00a598f6'],1,['V_Call Forwarding - Immediate'],1
162,5ff292e6a16d2e3987c4bae6235407a0,['c8fdf6fd8cd253cb5bed9bb3a4460b09'],1,"['V_Absentee service', 'V_Abbreviated Dialing', 'V_Call Transfer Three way', 'V_Call Forwarding', 'V_Call Forwarding-Immediate', 'V_Call Forwarding-On Busy', 'V_Call Forwarding-No Answer', 'E_Video on Demand', 'V_Call Waiting', 'E_TSTV']",10
163,610f4a26a785590d853060ff8ae00ff4,['97ad57600afb0d81b774d3799f2905ac'],1,"['V_Call Forwarding-On Busy', 'V_Abbreviated Dialing', 'V_Call Transfer Three way', 'V_Call Waiting', 'V_Hotline Service', 'V_Call Forwarding-Immediate', 'V_Call Forwarding-No Answer', 'V_Hotline-Time Delayed', 'V_Call Forwarding', 'V_Absentee service']",10
164,613c324db0e31fb5a29d185ee43723eb,['1d8020bf0de3444e2cff86d0d98a3609'],1,"['V_Call Transfer Three way', 'V_Absentee service', 'V_Abbreviated Dialing', 'V_Call Forwarding', 'V_Call Waiting', 'V_Call Forwarding-Immediate', 'V_Call Forwarding-On Busy', 'V_Call Forwarding-No Answer']",8
165,6252d9d17fc107c8951cbaf14259c773,['2e0dd8e7f9f4af53287b0571ef828dfc'],1,"['AB_Megaline', 'V_IDD', 'V_SLT CLI', 'V_DQ Contact Details']",4
166,6277920a13770b0b58448523495174bd,['c64a2cfc9b90bf31a87ce635e20ec175'],1,"['AB_Megaline', 'V_IDD', 'V_DQ Contact Details', 'AB_Relocation', 'V_SLT CLI']",5
167,62fb58e7bc8acec8cd1553a9aae5e8b0,['d902736e194c5c4cb8d2ba17f549f40a'],1,"['V_Call Forwarding', 'V_Call Waiting', 'V_Abbreviated Dialing', 'V_Call Transfer Three way', 'V_Call Forwarding-Immediate', 'V_Call Forwarding-On Busy', 'V_Call Forwarding-No Answer', 'V_Absentee service']",8
168,6355614d67773a2dc0b96fde568f436a,['c4aad411a358f0d0287d9f45c5912dea'],1,['AB_Service Vacation'],1
169,638c37ebe024d545558ad403d83622ad,['60344a111a607288c9a98e0961f99752'],1,"['V_Hotline-Immediate', 'V_Hotline-Time Delayed', 'V_Caller Line Identification', 'V_Short Message Service', 'V_Abbreviated Dialing', 'V_Absentee service', 'V_Hotline Service', 'V_Anonymous call barring', 'V_Call back on busy', 'V_Call Forwarding-On Busy', 'V_Call Forwarding-Immediate', 'V_Call Forwarding-No Answer', 'V_Call Forwarding', 'V_Call Waiting', 'E_Video on Demand', 'AB_Megaline', 'V_DQ Contact Details', 'V_IDD', 'E_TSTV', 'V_Call park', 'V_CLI presentation in call waiting', 'V_Incoming Call Memory', 'V_Incoming Call Transfer', 'V_Outgoing Call Memory', 'V_Call Forwarding by time', 'V_Call Forwarding Offline', 'V_Call holding', 'V_Call Transfer Three way']",28
170,651c6b3fc9842c5c50a8286a9742b4a4,['355a795e5bd90e15b03ca3b466c25b6e'],1,"['V_Absentee service', 'V_Abbreviated Dialing', 'V_Call Forwarding', 'V_Call Waiting', 'V_Hotline Service', 'V_Call Forwarding-Immediate', 'V_Call Forwarding-On Busy', 'V_Call Forwarding-No Answer', 'V_Hotline-Time Delayed', 'V_Hotline-Immediate', 'E_TSTV', 'V_Call Transfer Three way', 'E_Video on Demand', 'E_PeoTV Initiation']",14
171,6552a5e22fa0d340f0f841da2c0fe8ac,['a79ca6ca7af37da7b622b84af172239f'],1,"['E_PeoTV Initiation', 'E_TSTV', 'E_Video on Demand']",3
172,662143b6776fd4b30e7d4b1a78a39768,['1893b439f094b5a4bdb7a99fddd3c7e1'],1,['V_Basic Phone Installment'],1
173,670e968e94f0c0a354ada0cf4fa59546,['d4e403df8d262e2261f4a13f383ff88a'],1,"['V_CLI presentation in call waiting', 'V_Incoming Call Memory', 'V_Call Forwarding by time', 'V_Call Transfer Three way', 'V_Call Forwarding Offline', 'V_Incoming Call Transfer', 'V_Call back on busy', 'V_Call park', 'V_Call holding', 'V_Outgoing Call Memory', 'V_Anonymous call barring']",11
174,69325672947dfadf5b4eda47157da277,['d6aa1beb4731c60920a88171b5b09a35'],1,['AB_Relocation'],1
175,6948c253ef8c29869048bdf3b0c81924,['5f5632ee14b6141464a18d5a1082da77'],1,"['V_Hotline Service', 'V_Call Forwarding']",2
176,694d8ff3998b16f1c725b8117db18469,['e7e7d2fd3b43765c738992a15076b01b'],1,"['V_DQ Contact Details', 'AB_Megaline', 'V_IDD', 'V_SLT CLI', 'AB_Megaline Startup']",5
177,69d89537ea9b733dd8295f0a9fed52a4,['b3752d39e0bd16936cbdab618d7195d4'],1,['OTT_SLT PeoTV Go'],1
178,6ae9ee5e124c9fdb0f4d70d009ea2ae4,['94e9cc5591e7478b79f3e1707d342eab'],1,['V_IDD'],1
179,6b0a52c309b2ba6e02c5372429f09a8c,['e181d57e8c8f20814151cb8a4fd6943d'],1,"['E_Video on Demand', 'E_TSTV', 'E_PeoTV Initiation', 'E_PeoTV_Package Transfer']",4
180,6be6cf2fd54e5ab5916c5c3a520a776f,['e62c6420f5fd2bd17db71986d8166d87'],1,['AB_Megaline Startup'],1
181,6c45bbc1ef4c3220131c979f33af5835,['b9a34fd119389238121fcf25c8a4eff5'],1,"['AB_Megaline', 'V_SLT CLI', 'AB_Megaline Startup', 'V_IDD', 'AB_Relocation', 'V_DQ Contact Details']",6
182,6c9c219e7478591ee675017aba34b105,['d7b523c1eba8e755b5c8a149f6562348'],1,"['E_TSTV', 'E_PeoTV Initiation', 'E_Video on Demand']",3
183,6cb2da6e8291285316a287a54809c005,['bc394e558dcd05475af4cd56a8a9fd38'],1,['V_Cordeless Phone - Installment'],1
184,6d1c2dc1bebe10c372c2c73a211a3b7a,['8f4e00297bcba505a79d184a27f586ed'],1,"['V_DQ Contact Details', 'V_IDD', 'V_SLT CLI']",3
185,6e1954d2a2a8a6b8d0d4dd269374a6c5,['6edcc0ba8849df26e352550f29dd01de'],1,['AB_Megaline Startup'],1
186,6fc6cc118ff9ab63ba05f3d681f46096,['d8a794f2888fc7d413a08adce495eeb8'],1,"['V_Single VAS Bundle', 'AB_Megaline Startup', 'AB_Megaline', 'V_DQ Contact Details', 'V_IDD']",5
187,708ec595df8a31e818ec6b58bbb7ace8,['dfe3cebfc4e26591c25b32a3486ee6f4'],1,"['V_Call Waiting', 'V_Hotline Service', 'V_Absentee service', 'V_Call Forwarding-Immediate', 'V_Call Forwarding-On Busy', 'V_Call Forwarding-No Answer', 'V_Hotline-Immediate', 'V_Abbreviated Dialing', 'V_Call Forwarding', 'V_Hotline-Time Delayed']",10
188,713aa417c219621eb60e65c2f05d3d22,['4d384b3ff38d7b7060eb1fea680200ab'],1,['AB_Service Vacation'],1
189,7176a9583c08811399dda24fa5dfc7e7,['174aef8363559c685ec9484e738afcb0'],1,['V_Basic Phone Installment'],1
190,718fa83942ab8a7c01de5c7219689da2,['0e8e7ff8ff82dacbcbf738f5b2b9ce7f'],1,"['V_Call Transfer Three way', 'V_Call holding', 'AB_Megaline', 'V_Single VAS Bundle', 'V_DQ Contact Details', 'V_IDD', 'V_SLT CLI', 'V_Call Forwarding by time', 'V_Incoming Call Memory', 'V_Outgoing Call Memory', 'V_Call Forwarding Offline', 'V_Incoming Call Transfer', 'AB_Megaline Startup']",13
191,719f2691cdcfa7bf910e12d8ed681430,['27b7f28da49f510b171e0a65fc2e76ce'],1,['AB_Megaline Startup'],1
192,7217b86f207517a6376ba22c8d6ead47,['decaa44fdc041c063345d60aac187aa4'],1,"['V_Call Transfer Three way', 'V_Call Forwarding', 'V_Call Waiting', 'V_Absentee service', 'V_Abbreviated Dialing', 'V_Call Forwarding-Immediate', 'V_Call Forwarding-On Busy', 'V_Call Forwarding-No Answer']",8
193,724bbbcc09bc1b4d4dc54f48a3063478,['2728b95cea80b75e4e540e52d5f0f736'],1,"['V_Call Waiting', 'V_Call Forwarding-Immediate', 'V_Call Forwarding-On Busy', 'V_Call Forwarding-No Answer', 'V_Absentee service', 'V_Abbreviated Dialing', 'V_Call Transfer Three way', 'V_Call Forwarding']",8
194,72711c9e812512d7832d9b850f6026de,['ae94fbc38bc768df1efaae49b6fb256f'],1,"['V_IDD', 'V_Absentee service', 'V_Call Waiting', 'V_Call holding', 'V_Outgoing Call Memory', 'V_Double VAS Bundle', 'V_Call back on busy', 'V_Caller Line Identification', 'V_Short Message Service', 'V_Call Forwarding Offline', 'V_Abbreviated Dialing', 'V_Anonymous call barring', 'V_Call Forwarding by time', 'V_Call park', 'V_CLI presentation in call waiting', 'V_Incoming Call Memory']",16
195,729e0a0a75015a8908d0989386f4454e,"['009f305bf85a71012c0e343233e611ba', 'f33da5965261ebe2cedd32aabf3e917e', 'dd95abce9d8097e123dda36b8cff245a', 'acd82906e0adb2aacfca360304f36a44', '877bf134f2a0c84e1552eaf9e216ffc1', '2f0e30413f87eae8c9e52f8806c25811', '40cacd54f90858c1b7fac3a8770c0e55', '14d95266bf271c1e659e766f8953ab26', '9752e8fde1a3969e830c928f33e20cd4', 'cdb169621c944590077e5203d8335ca1', '7b9367da168ff3bce8c3ab07bcc69081', '38ccafcf5870fa6c61f46fc81e565849', 'bcd5d6cbc86680597749c0d41a10f5a7', '82005d51f808617b4c41c9de08233343', '1c32fc112531cca2f2a5b13a28f79815', '88edc998fcd20c32fc1e78a3db30110e', 'b36a0857b23d1369fadd24c5893aa129', 'bb8db849e93fd2cb87c263b3298760e2', '268ced4cc2338ee9ae5deadef2dbbd27']",19,"['V_Abbreviated Dialing', 'V_Call Transfer Three way', 'V_Call Forwarding', 'V_Call Waiting', 'V_Absentee service', 'V_Call Forwarding-Immediate', 'V_Call Forwarding-On Busy', 'V_Call Forwarding-No Answer', 'V_DQ Contact Details', 'V_SLT Voice Service', 'V_Single VAS Bundle', 'V_SLT CLI', 'V_IDD', 'V_Call Forwarding - Immediate', 'AB_Megaline', 'E_SLT PeoTV Service', 'V_Hotline Service', 'V_Hotline-Time Delayed', 'E_TSTV', 'E_Video on Demand']",20
196,73be49dc0b94ec282b0c13e9bb71c83f,['133189b4fa62edf1a91c5be4cd36584d'],1,"['V_Call Transfer Three way', 'V_Outgoing Call Memory', 'V_Call holding', 'V_Anonymous call barring', 'V_Call Forwarding Offline', 'V_Incoming Call Memory', 'V_Call Forwarding by time', 'V_Call park', 'V_Call back on busy', 'V_Incoming Call Transfer', 'V_CLI presentation in call waiting']",11
197,73f9aeff86dd84763541b2169d106a3c,['b2075cd1fd9797d24b4bd8e717c02949'],1,"['V_Call Transfer Three way', 'V_Absentee service', 'V_Abbreviated Dialing', 'V_Call Forwarding', 'V_Call Waiting', 'V_Call Forwarding-Immediate', 'V_Call Forwarding-On Busy', 'V_Call Forwarding-No Answer']",8
198,740f826ba978b736a3309c478af79437,['de966e77273d85e8e62553513b0da49c'],1,"['V_Call Forwarding by time', 'V_Call Forwarding Offline', 'V_Outgoing Call Memory', 'V_Call holding', 'V_Incoming Call Transfer', 'V_Call park', 'V_Anonymous call barring', 'V_CLI presentation in call waiting', 'V_Call back on busy', 'V_Incoming Call Memory', 'V_Call Transfer Three way']",11
199,74f4085f083da6e2fb68a1fa67d3846a,['e513ea561737d58fe19c475b14959929'],1,"['E_PeoTV Initiation', 'E_TSTV', 'E_Video on Demand']",3
200,7583ed8b58f2a48e5ffc63839fb005e5,['0d4860557d1bd99dac04acfa0e42daad'],1,"['E_Video on Demand', 'E_TSTV']",2
201,75ff3a8340bc095f7dec5163742e5365,['ef9a2342286438b8ac71f044c8c1cc7d'],1,"['V_Hotline Service', 'V_Absentee service', 'V_Call Forwarding-Immediate', 'V_Call Forwarding-On Busy', 'V_Call Forwarding-No Answer', 'V_Abbreviated Dialing', 'V_Call Forwarding', 'V_Call Waiting', 'V_Hotline-Time Delayed']",9
202,768b1c6a39c85a4a322fce53e4eee3d2,['286ae14a02441135faa18da8b6ceaf19'],1,"['V_DQ Contact Details', 'V_IDD', 'V_Call back on busy', 'V_Incoming Call Transfer', 'V_Call Forwarding by time', 'V_Call park', 'V_Incoming Call Memory', 'V_Anonymous call barring', 'V_CLI presentation in call waiting', 'V_Call Transfer Three way', 'V_Call Forwarding Offline', 'V_Call holding', 'V_Outgoing Call Memory', 'E_TSTV', 'E_Video on Demand', 'E_PeoTV Initiation', 'V_SLT CLI', 'AB_Megaline', 'V_Double VAS Bundle', 'AB_Citylink Loyalty Rewards']",20
203,76f51c366069c47cb15d13324f59e5a4,['6923283435fabd547f60ebe2e109a3e1'],1,"['E_TSTV', 'E_Video on Demand']",2
204,776c012924bea6417295733dc228a472,['c57e3fcd20f7308222db80e342a0fff1'],1,"['V_Absentee service', 'V_Abbreviated Dialing', 'V_Call Transfer Three way', 'V_Call Forwarding', 'V_Call Waiting', 'V_Call Forwarding-Immediate', 'V_Call Forwarding-On Busy', 'V_Call Forwarding-No Answer']",8
205,78737a32cb0da26ab8ba4b17bfd890e3,['aa82191ebdf5983a132c61e9150087d0'],1,"['E_Video on Demand', 'E_TSTV', 'E_PeoTV Initiation']",3
206,78c4087043a3a66683e2d4fe45bdc910,['a0dbc62d46691cc5bcbb1fba05af06e7'],1,"['E_Video on Demand', 'E_TSTV']",2
207,795049de5385a6e45d0d2138794957b8,['1db48c5967e71845100f999b1635d404'],1,"['V_Hotline Service', 'V_Absentee service', 'V_Abbreviated Dialing', 'V_Call Transfer Three way', 'V_Call Forwarding', 'V_Call Waiting', 'V_Call Forwarding-Immediate', 'V_Call Forwarding-On Busy', 'V_Call Forwarding-No Answer', 'V_Hotline-Time Delayed', 'V_Hotline-Immediate']",11
208,79d34b9b77474acf6081997fe4ed388d,['dafe87a4d64710503135ad62549c71ce'],1,"['V_Call Forwarding-Immediate', 'V_Call Forwarding-On Busy', 'V_Call Forwarding-No Answer', 'V_Absentee service', 'V_Abbreviated Dialing', 'V_Call Transfer Three way', 'V_Call Forwarding', 'V_Call Waiting']",8
209,7a80615fb26922948d633269d57a5e8a,['86aa55e474289211f4b1ae1dac8392bd'],1,"['E_SLT PeoTV Service', 'E_Video on Demand', 'E_PeoTV Initiation', 'E_TSTV']",4
210,7aa8c0a144b14c0d37d9b50e420c4773,['6d219e6c2e086d6959f4d90cad121009'],1,"['V_Selective call acceptance', 'V_Absentee service', 'V_Abbreviated Dialing', 'V_Call Transfer Three way', 'V_Call Forwarding', 'V_Call Waiting', 'V_Call Forwarding-On Busy', 'V_Call Forwarding-No Answer', 'V_Call Forwarding-Immediate', 'V_Call forwarding selective', 'V_Incoming Call Transfer', 'V_Anonymous call barring', 'V_Outgoing Call Memory', 'V_Selective call waiting', 'V_Caller name sending', 'V_Call Forwarding by time', 'V_Call back on busy', 'V_Incoming Call Memory', 'V_Call Forwarding Offline', 'V_Call holding', 'V_Do not disturb service', 'V_Selective call rejection', 'V_CLI presentation in call waiting', 'V_Call park', 'V_Secretary service', 'V_Password call barring (secret code)', 'V_Caller name identificationPresentation', 'V_Complete call on no response']",28
211,7addc78ef1ae96b05901c413579cfd4d,['c97585881914d8d87deb16be904e7c06'],1,"['V_Abbreviated Dialing', 'V_Absentee service', 'V_Call Transfer Three way', 'V_Call Forwarding', 'V_Call Waiting', 'V_Call Forwarding-Immediate', 'V_Call Forwarding-On Busy', 'V_Call Forwarding-No Answer']",8
212,7b02996f8fd2ce388417eb6ac225235e,['91ab83caaebbc937ca30f5306e80dbad'],1,['AB_Service Vacation'],1
213,7b704731ffb7eb1097c51b5987299dd9,['5a24a63f14fdd0d8c01d3a08efd1279a'],1,['E_Video on Demand'],1
214,7d20a217b0f2d6ce3f57178e297e5997,['9f24b41d34b6d7d6274889240ffa6908'],1,"['V_Call Transfer Three way', 'V_Absentee service', 'V_Abbreviated Dialing', 'V_Call Forwarding', 'V_Call Waiting', 'V_Call Forwarding-Immediate', 'V_Call Forwarding-On Busy', 'V_Call Forwarding-No Answer']",8
215,7d5c2e0e04f42483da19c2d9e9c7746e,['423c5f87faa08e85e2bb898e212b2657'],1,"['V_Hotline Service', 'V_Call Forwarding', 'V_Call Forwarding Offline']",3
216,7d8186ef45fbbdb8a12e98af8a4fb7c5,['3915d7f877608ede0b0547eaf7d72914'],1,"['V_Call Waiting', 'V_Call Forwarding', 'V_Hotline Service', 'V_Abbreviated Dialing', 'V_Cordeless Phone - Installment', 'V_Call Barring - Outgoing', 'V_Absentee service', 'V_Call Forwarding-Immediate', 'V_Call Forwarding-On Busy', 'V_Hotline-Immediate', 'V_Hotline-Time Delayed', 'V_Call Forwarding-No Answer']",12
217,7e7a99a5150f96f9e6a70420621284d6,['522ce0c2c975ea0d19923fc4a4ec4880'],1,['V_Installment'],1
218,7f864d285c132190ece3e5c9189f21c3,['c3db6a32b42743fc2e0284f8e6c7515e'],1,"['V_Absentee service', 'V_Abbreviated Dialing', 'V_Call Forwarding', 'V_Call Waiting', 'V_Call Forwarding-On Busy', 'V_Call Forwarding-No Answer', 'V_Call Forwarding-Immediate']",7
219,807d31acaf006c29bccc040a36335777,['358ea4ede4eae3f893ef1c76195a8283'],1,['V_Installment'],1
220,813af507d5b794147b2a65bb7495d023,['85812be38c659bde40b930639107ed65'],1,"['V_Call back on busy', 'V_Call Forwarding Offline', 'V_Incoming Call Memory', 'V_Call park', 'V_Call holding', 'V_Outgoing Call Memory', 'V_Incoming Call Transfer', 'V_Anonymous call barring', 'V_Call Forwarding by time', 'V_Absentee service', 'V_Abbreviated Dialing', 'V_Call Transfer Three way', 'V_Call Forwarding', 'V_Call Waiting', 'V_Call Forwarding-On Busy', 'V_Call Forwarding-No Answer', 'V_Call Forwarding-Immediate', 'V_CLI presentation in call waiting']",18
221,81af8a1e1e208835d91b35287a231b95,['2d5aecc7b729e0a06fe42fc60364a02f'],1,"['V_Voice Startup Fee', 'V_Hotline Service', 'AB_Megaline Startup', 'V_IDD', 'V_Call Forwarding', 'AB_Megaline', 'V_Double VAS Bundle', 'V_DQ Contact Details', 'AB_Relocation']",9
222,81b794726ed4bcf61fd0f0e058242058,['f676a68c466387d834fece11b5891c86'],1,"['E_TSTV', 'E_Video on Demand']",2
223,826604f55792074aee2537040d82ff5e,['675c1cffe46e43af5d9c7be2d6e27dd2'],1,"['E_Video on Demand', 'E_TSTV', 'E_PeoTV Initiation']",3
224,82c27b411551b940526e04155082108e,['9b7f65bbb2c61cec570d41fccf6895ce'],1,['V_Installment'],1
225,836d8d893b765caea3f6763e947091c2,['f987efdcbfcdc0f3f78d4ee6ed37b88a'],1,"['V_Call Forwarding-On Busy', 'V_Absentee service', 'V_Abbreviated Dialing', 'V_Call Transfer Three way', 'V_Call Forwarding', 'V_Call Waiting', 'V_Call Forwarding-Immediate', 'V_Call Forwarding-No Answer']",8
226,85bcf592f274f3664faad25ed1c75381,['efd5ee8486b9ac647061477a2cb7802e'],1,"['AB_Relocation', 'V_Call Waiting', 'V_Call Forwarding-Immediate', 'V_Call Forwarding-On Busy', 'V_Call Forwarding-No Answer', 'V_IDD', 'V_Single VAS Bundle', 'AB_Megaline', 'V_DQ Contact Details', 'V_SLT CLI', 'V_Absentee service', 'V_Abbreviated Dialing', 'V_Call Transfer Three way', 'V_Call Forwarding']",14
227,85dbec81b7254ebefd7fb8ddd8ed6c98,['a4de4c5223bf72181fbdee2e65d73138'],1,"['AB_Megaline', 'V_IDD', 'V_DQ Contact Details']",3
228,87ebb0f06e92b5787a734028a9b902b6,['0fb81a6ae000d344d6ef25795a0cf67e'],1,"['V_Incoming Call Transfer', 'V_Anonymous call barring', 'V_Call Forwarding Offline', 'V_Outgoing Call Memory', 'V_Call park', 'V_Call back on busy', 'V_Incoming Call Memory', 'V_CLI presentation in call waiting', 'V_Absentee service', 'V_Abbreviated Dialing', 'V_Call Transfer Three way', 'V_Call Forwarding', 'V_Call Waiting', 'V_Call Forwarding-On Busy', 'V_Call Forwarding-No Answer', 'V_Call Forwarding-Immediate']",16
229,87f575e03fb0adef0f7bce5ca81568bc,['64879716f309303245754526212d990e'],1,['V_IDD'],1
230,885bc2d0556727f8b6ee192af12dbbf7,['b59307cbc7905fbcc3cd1f8fa02aeb4d'],1,"['E_TSTV', 'E_Video on Demand', 'E_PeoTV Initiation']",3
231,8894fe0208a0251fb645b953cdec93fc,['71b026d1414f371094ad071d02468f1b'],1,"['V_CLI presentation in call waiting', 'V_Call Transfer Three way', 'V_Call Forwarding by time', 'V_Anonymous call barring', 'V_Incoming Call Transfer', 'V_Call Forwarding Offline', 'V_SLT Voice Service', 'AB_Megaline Startup', 'AB_Copper Access Bearer', 'AB_Megaline', 'V_IDD', 'V_DQ Contact Details', 'V_Double VAS Bundle', 'V_SLT CLI', 'V_Incoming Call Memory', 'V_Call park', 'V_Call back on busy', 'V_Call holding', 'V_Outgoing Call Memory']",19
232,889741c46da6eba550795f3833b36dd9,['923b8b0fdb0af84e50f1ba089c78c38d'],1,['V_Installment'],1
233,89097b4dd324551028fd93fa296320c0,['86a8fd48b378f5e46bd5dfbd4da87be7'],1,['V_Cordeless Phone - Installment'],1
234,895a491a6f5a60d057b537bc41ce9e27,['3dfa13b8dfa415d584b467a463c68b7f'],1,"['M_Activation Charge', 'AB_Megaline', 'V_DQ Contact Details', 'E_Video on Demand', 'E_TSTV', 'E_PeoTV_Package Transfer']",6
235,8994e58d85f982d1f0b5c6893d67ca99,['566d147a89f49d0856ca77ea5fdcd4f3'],1,"['V_Call Forwarding Offline', 'V_Call Forwarding by time', 'V_Call holding', 'AB_Megaline', 'V_DQ Contact Details', 'V_SLT CLI', 'V_IDD', 'V_Single VAS Bundle', 'V_Incoming Call Memory', 'V_Outgoing Call Memory', 'V_Incoming Call Transfer', 'V_Call Transfer Three way']",12
236,8b50eb0e7a3a77ad893ae125e9ab99d6,['dd07de1f72aeafe64821ab8827b812a7'],1,"['E_Video on Demand', 'E_TSTV']",2
237,8ce4fe811face4a69aaed5826e59cba8,['01cdd813d9a8bea5d70455a917c91e63'],1,"['V_Call Waiting', 'V_Call Forwarding-Immediate', 'V_Call Forwarding-On Busy', 'V_Call Forwarding-No Answer', 'V_Absentee service', 'V_Abbreviated Dialing', 'V_Call Transfer Three way', 'V_Call Forwarding']",8
238,8cfdf59322143cd5f64912932303207a,['5fcdfbfb799f201d8ee31311d5279287'],1,"['V_SLT CLI', 'V_IDD', 'V_DQ Contact Details']",3
239,8d0762dd1e3f336c32fb29c9e07bf540,['43ff0446fc119e26a3d70761cd10c671'],1,['AB_Service Vacation'],1
240,8d2cef2414b406aa05af7026f03094c6,['adc4b28394ff56a5057177750ebda206'],1,['V_IDD'],1
241,8f0342714f3aa3ce92e7ec3c4d3279af,['cc05ead059cb463f5006dcc2accf9094'],1,['AB_Service Vacation'],1
242,8fbd2ad4c707a81a91f36166a4e0d4b0,['2d664cd5ed1a0574e0d9f7b2f0cb6eb2'],1,"['M_Activation Charge', 'AB_Copper Access Bearer', 'AB_Megaline', 'V_DQ Contact Details', 'V_IDD', 'E_PeoTV Initiation', 'E_Video on Demand', 'E_TSTV']",8
243,8fc4ea8a83e3738896558b0603e35523,['57d0a886958937a1f800ab7979f029b4'],1,['AB_Service Vacation'],1
244,900aeddd2f528976313058ff862299c1,['e09f2909d38c15dcde926e1d29458c53'],1,"['V_Incoming Call Memory', 'V_Call Forwarding by time', 'V_Call holding', 'V_Call Forwarding Offline', 'V_Call Transfer Three way', 'V_Incoming Call Transfer', 'V_Outgoing Call Memory']",7
245,905e907d823a63d5f2020e091191e11e,['63badfb1244e9ce7b4c32859e849b7b2'],1,"['V_Absentee service', 'V_Abbreviated Dialing', 'V_Call Transfer Three way', 'V_Call Forwarding', 'V_Call Waiting', 'V_Call Forwarding-Immediate', 'V_Call Forwarding-On Busy', 'V_Call Forwarding-No Answer']",8
246,90a88bb1cdd748cdaaded327685dabf8,['c028faa94551392bb5820d9355b986a5'],1,['AB_Service Vacation'],1
247,914f4caf98e36d45627e90a284ed1eff,['22cc771a7d6bca13485e3d12ffe31c30'],1,"['E_TSTV', 'E_Video on Demand']",2
248,92563db780f368512dc2eb7aeb2b3787,['94a1c9b2906c38afde68228a11915a8d'],1,"['E_SLT PeoTV Service', 'E_PeoTV Initiation', 'E_TSTV', 'E_Video on Demand']",4
249,92aff27247977dc8de8ef2da78915442,['e9fdadb84be3733650fdf7f68aa0f151'],1,['V_Basic Phone Installment'],1
250,93255ea78f65df684ace26d7d7884d80,['ede1448200e175674b6979edac0c48e8'],1,"['V_Incoming Call Transfer', 'V_Call holding', 'V_Call Transfer Three way', 'AB_Copper Access Bearer', 'AB_Megaline', 'AB_Megaline Startup', 'V_SLT CLI', 'V_SLT Voice Service', 'V_IDD', 'V_Double VAS Bundle', 'V_DQ Contact Details', 'V_Incoming Call Memory', 'V_CLI presentation in call waiting', 'V_Call back on busy', 'V_Anonymous call barring', 'V_Call Forwarding Offline', 'V_Call Forwarding by time', 'V_Call park', 'V_Outgoing Call Memory']",19
251,93c54997547ad2ee368728bc72ab5c98,['d2c95d37fde65a7121d10d89b29b7d00'],1,"['V_Call Forwarding Offline', 'V_Call back on busy', 'V_Call Forwarding by time', 'V_Incoming Call Memory', 'V_Anonymous call barring', 'V_Outgoing Call Memory', 'V_Incoming Call Transfer', 'V_CLI presentation in call waiting', 'V_Call park', 'V_Call holding', 'V_Absentee service', 'V_Abbreviated Dialing', 'V_Call Transfer Three way', 'V_Call Forwarding', 'V_Call Waiting', 'V_Call Forwarding-On Busy', 'V_Call Forwarding-No Answer', 'V_Call Forwarding-Immediate']",18
252,9464150dc454b6baad86077728be91f6,['668a0f467fc9658db0cb98866522a2e3'],1,"['V_Absentee service', 'V_Call Transfer Three way', 'V_Call Forwarding-No Answer', 'V_Abbreviated Dialing', 'V_Call Forwarding', 'V_Call Waiting', 'V_Call Forwarding-Immediate', 'V_Call Forwarding-On Busy']",8
253,9484a288af8e095b1a78cc82e38b64da,['7d32062e46268a67e998c2b730e5482d'],1,['AB_Service Vacation'],1
254,94eb18bb5ef4713a24bad3a5f24ba939,['af716455260eebb07cedb71762e8a4aa'],1,"['V_DQ Contact Details', 'V_IDD', 'AB_Megaline', 'AB_Megaline Startup', 'V_SLT CLI']",5
255,94fece20c5feaae5027e5039d26fc5d9,['a9dc95e5be4143b26a527554d84ab959'],1,"['V_Incoming Call Memory', 'V_Call Transfer Three way', 'V_CLI presentation in call waiting', 'V_Outgoing Call Memory', 'V_Call Forwarding by time', 'V_Anonymous call barring', 'V_Call holding', 'V_Incoming Call Transfer', 'V_Call park', 'V_Call back on busy', 'V_Call Forwarding Offline']",11
256,962a2cbf43d21d291073b50e2488da15,['41e38597f8db9f8ba68a63b012949dde'],1,"['AB_Megaline', 'E_TSTV', 'V_DQ Contact Details', 'V_IDD', 'E_Video on Demand']",5
257,9674bda79aa3b2ee891cb4c9def94bcb,['c94b7fdc3803b94fd02ad40b50ad18f1'],1,"['V_Call Forwarding', 'V_Hotline Service']",2
258,97e071d64029edb8350934d76c91a9af,['585db767189801fc71b03537fc004968'],1,"['E_Video on Demand', 'E_TSTV']",2
259,9a8ac6d5196ad4859c90c868f750943a,['ecfd50fcb51f1273bd28728ac360c1a9'],1,"['V_Call Transfer Three way', 'V_Absentee service', 'V_Abbreviated Dialing', 'V_Call Forwarding', 'V_Call Waiting', 'V_Call Forwarding-Immediate', 'V_Call Forwarding-On Busy', 'V_Call Forwarding-No Answer', 'AB_Relocation']",9
260,9af4fa40df83f2014cbb55179d2d3f1e,['93ccbb21b5813c61d681c1c64963b241'],1,"['E_Video on Demand', 'E_SLT PeoTV Service', 'E_TSTV', 'E_PeoTV Initiation']",4
261,9b7685e7536b1c41f5e1a7993cde2c5e,['ccc74fadb3c059b890959ae94278076f'],1,"['V_Hotline Service', 'V_Call Forwarding']",2
262,9c782060379a17bd3032febf45e09979,['a29cc9a024962eb387717bd5563f8017'],1,['V_Installment'],1
263,9c802b6b329dc1e3ba6e6c655a21e65d,['ef74b1171331411a4d2e9fada9158215'],1,"['E_Referral offer Discount', 'AB_Referral offer Discount', 'V_Referral offer Discount']",3
264,9de673a9054f96903734db967cf02c50,['5576c5aff0b010796d0b8956cae98652'],1,"['V_Incoming Call Memory', 'V_Call Forwarding Offline', 'V_Call Transfer Three way', 'V_Call holding', 'V_Incoming Call Transfer', 'V_Call Forwarding by time', 'V_Outgoing Call Memory']",7
265,9eab2b32547a9e2edd911cef2df84deb,['e2fa76b39e73a40b1f3f25481e841798'],1,"['E_TSTV', 'E_Video on Demand', 'E_PeoTV Initiation']",3
266,9f2c1243a9d9f38fef7956939dab1f15,['1a8c9f463b803278171c9e0fdeb30ba3'],1,"['V_Call Transfer Three way', 'V_Absentee service', 'V_Abbreviated Dialing', 'V_Call Forwarding', 'V_Call Waiting', 'V_Call Forwarding-Immediate', 'V_Call Forwarding-On Busy', 'V_Call Forwarding-No Answer']",8
267,9f627353234fc1201402b4f94d5bcd70,['b72d2c6567139854d885667309fac82e'],1,"['V_Call Forwarding Offline', 'V_Outgoing Call Memory', 'AB_Citylink Loyalty Rewards', 'V_Single VAS Bundle', 'V_SLT CLI', 'AB_Megaline', 'V_DQ Contact Details', 'V_Incoming Call Transfer', 'V_Call Transfer Three way', 'V_Call holding', 'V_Incoming Call Memory']",11
268,a05dd4af2dc934d53c02646dfcd90007,['dde2f0e726825c5f72223f512e14a3c4'],1,"['AB_Relocation', 'AB_Citylink Loyalty Rewards', 'AB_Megaline', 'V_Single VAS Bundle', 'V_IDD', 'V_DQ Contact Details', 'V_Call Forwarding', 'V_Hotline Service', 'E_Video on Demand', 'E_TSTV']",10
269,a16e265b659ee82dbded359eb1630985,['18a02e6eed633623ac7cde115ab7c0de'],1,"['V_Call park', 'V_Call back on busy', 'V_Outgoing Call Memory', 'V_Call Forwarding Offline', 'V_Anonymous call barring', 'V_Call holding', 'V_Incoming Call Memory', 'V_Call Forwarding by time', 'V_CLI presentation in call waiting', 'V_Incoming Call Transfer', 'V_Absentee service', 'V_Abbreviated Dialing', 'V_Call Transfer Three way', 'V_Call Forwarding', 'V_Call Waiting', 'V_Call Forwarding-On Busy', 'V_Call Forwarding-No Answer', 'V_Call Forwarding-Immediate']",18
270,a1a17097950da3f5a53f41a4089a143c,['95de7c31269fa7eebb217959708c8b25'],1,"['E_PeoTV Initiation', 'E_Video on Demand', 'E_TSTV']",3
271,a1f9309b10ae0a4a415814df59804e83,['2307fe8b34b46d699fe55942803cea04'],1,"['E_Referral offer Discount', 'AB_Referral offer Discount']",2
272,a28570d88b6072fbacb0d00988b18ac8,['154aa58fd560d93f6435caeaf7ba4db5'],1,['V_Basic Phone Installment'],1
273,a374216276df3cc38b522ff183ffeca1,['8ba2d8aa1f28349ed94c4d9df06ed25c'],1,"['V_IDD', 'V_Railway Registration', 'V_DQ Contact Details']",3
274,a38c9d9bf744892b7a984d7e298c0660,['cf5da8d41c7c3dd14e8a7e5197b30e45'],1,"['E_TSTV', 'V_Hotline Service', 'V_Call Forwarding', 'E_Video on Demand']",4
275,a3bdaf2151abfdee728d75364d3d27df,['828968af136b51b69db6dfe57ab1f1bf'],1,"['V_Cordeless Phone - Installment', 'V_Absentee service', 'V_Abbreviated Dialing', 'V_Call Transfer Three way', 'V_Call Forwarding', 'V_Call Waiting', 'V_Hotline Service', 'V_Call Forwarding-Immediate', 'V_Call Forwarding-On Busy', 'V_Hotline-Immediate', 'V_Call Forwarding-No Answer', 'V_Hotline-Time Delayed']",12
276,a48400b39f02660c4fb865a9bf13d865,['df755a691e4a64dacdfd1b1714bf0f0a'],1,"['P_Megaline', 'P_SLT CLI', 'P_IDD', 'DQ_Contact Details', 'P_One-Time Detailed Bill', 'P_Removal of Int & Parallel Ext', 'AB_Copper Access Bearer', 'AB_Megaline', 'V_SLT Voice Service', 'V_IDD', 'AB_Parallel line Installation', 'V_DQ Contact Details', 'V_SLT CLI']",13
277,a4e4afaedb57f205bfeff624c39fe49d,"['b635fc31617ffc9c1e6b5015fb32e108', '13c77dac97ca769c63afb6b42c9aa182']",2,"['V_Single VAS Bundle', 'V_Caller Line Identification', 'V_Call Forwarding Offline', 'V_Abbreviated Dialing', 'V_Call Forwarding', 'V_Outgoing Call Memory', 'V_Call Forwarding-Immediate', 'V_Call Forwarding-On Busy', 'V_Call Forwarding-No Answer', 'V_Hotline-Immediate', 'V_Hotline-Time Delayed', 'AB_Megaline', 'V_Call Waiting', 'V_Hotline Service', 'V_Absentee service', 'V_Call holding', 'V_Call Forwarding by time', 'V_Incoming Call Memory', 'AB_Megaline Startup', 'V_IDD', 'V_DQ Contact Details']",21
278,a4e550fe6deb6a382fd7fc4d30bda0c6,['4cd8fb3fb02a72f3639feeaf41d36829'],1,"['V_Call Forwarding-On Busy', 'V_Call Forwarding-No Answer', 'V_Call Forwarding', 'V_Absentee service', 'V_Abbreviated Dialing', 'V_Call Transfer Three way', 'V_Call Waiting', 'V_Call Forwarding-Immediate']",8
279,a678cc6f09bdc5650a2157c996a46e29,['68757024c723b15f362f183a9050bbc2'],1,"['V_IDD', 'AB_Megaline', 'V_DQ Contact Details']",3
280,a767eaaf936b76bd6f571ad03f72fb27,['b41885c8f85e602ecf6132451a77b735'],1,['V_Installment'],1
281,a88cf429a820eb62f5859ad4369dd728,['b4ea13bfc04e89200ba503bc31c8c9aa'],1,"['V_Hotline-Time Delayed', 'V_Absentee service', 'V_Hotline Service', 'V_Hotline-Immediate', 'V_Call Transfer Three way', 'V_Call holding', 'V_Incoming Call Memory', 'V_Outgoing Call Memory', 'V_Incoming Call Transfer', 'V_Call Forwarding by time', 'V_Caller Line Identification', 'V_Call Forwarding Offline', 'V_Short Message Service', 'V_Abbreviated Dialing', 'V_Call Forwarding', 'V_Call Forwarding-Immediate', 'V_Call Forwarding-On Busy', 'V_Call Forwarding-No Answer', 'V_Call Waiting']",19
282,a94956dfae9d492bbf776908a4586e16,['7605b75ebea43f099283767f3eaaaae6'],1,"['AB_Megaline', 'V_DQ Contact Details', 'V_IDD']",3
283,aa2f3683147f4b6307d4ca7cb4e602cc,['f8199e87dc426a0d91c05da473a6a02d'],1,['V_Basic Phone Installment'],1
284,ab5ed170f4514147ffcf947d02c4e8c7,['d00ba4d5438ccec5aa1aa42c13426d9d'],1,"['V_Call back on busy', 'V_Call Forwarding by time', 'V_Incoming Call Memory', 'V_Call park', 'V_Call holding', 'V_Absentee service', 'V_Abbreviated Dialing', 'V_Call Waiting', 'V_Call Transfer Three way', 'V_Call Forwarding', 'V_Call Forwarding-On Busy', 'V_Call Forwarding-No Answer', 'V_Call Forwarding-Immediate', 'V_CLI presentation in call waiting', 'V_Incoming Call Transfer', 'V_Call Forwarding Offline', 'V_Outgoing Call Memory', 'V_Anonymous call barring']",18
285,ab5f9186fefae73c572cf322d5f48d8d,['70d92d50ccae2cc0eb30ae99b4fda3fa'],1,"['E_TSTV', 'E_Video on Demand']",2
286,aba33720d0e08e0a9976b457857ce48e,['d22cb371dbf2cdb0a3f50336029e9d82'],1,"['V_Call park', 'V_Call Forwarding Offline', 'V_Incoming Call Transfer', 'V_Call holding', 'V_Call Transfer Three way', 'V_Incoming Call Memory', 'V_CLI presentation in call waiting', 'V_Call back on busy', 'V_Outgoing Call Memory', 'V_Anonymous call barring', 'V_Call Forwarding by time']",11
287,ac995bfd837f4a666a36a4684493ec2c,['1c0de81401d553c1b80369ec80bb2ea3'],1,['V_Basic Phone Installment'],1
288,ad8f924faf85ae394cf5c8b22104ed86,['f51cb64d2c78a0cf66bf7b089d7d87c6'],1,"['V_Absentee service', 'V_Abbreviated Dialing', 'V_Call Transfer Three way', 'V_Call Forwarding', 'V_Call Waiting', 'V_Call Forwarding-Immediate', 'V_Call Forwarding-On Busy', 'V_Call Forwarding-No Answer']",8
289,ae4d3356d5bc14dbd5883e1784867478,['ec88eea4ffabdf2aacf547b028329eb4'],1,['M_Activation Charge'],1
290,af62d52e9ba41faa64c7fb655917c731,['4006fa22ee43ef7a18c02d794fba96ee'],1,"['E_SLT PeoTV Service', 'E_Video on Demand', 'E_TSTV']",3
291,afe14971824c008742742c0250bbb055,['30f124e2f8c1fd7638f9b7d34d7f8bfb'],1,"['V_Call Forwarding', 'V_Absentee service', 'V_Abbreviated Dialing', 'V_Call Transfer Three way', 'V_Call Waiting', 'V_Hotline Service', 'V_Call Forwarding-Immediate', 'V_Call Forwarding-On Busy', 'V_Call Forwarding-No Answer', 'V_Hotline-Time Delayed']",10
292,aff96389478c3c551ff5eff4fd98abcb,['ab97314f71804f7cc9fe63ab40d25d01'],1,['V_IDD'],1
293,b091b56df644a7f068cc45a176040524,['71d2c0395ce609cfd6f6d6a9ed619f1a'],1,"['AB_Megaline', 'AB_Megaline Startup', 'E_Video on Demand', 'V_Installment', 'E_TSTV', 'E_PeoTV Initiation']",6
294,b0d2b72ebf132e31c943c098c7f25bd8,['bfd697f1151e0592ce888bb93b2f9c9c'],1,"['AB_Megaline', 'V_Single VAS Bundle', 'V_DQ Contact Details', 'V_Call Forwarding-No Answer', 'V_SLT CLI', 'V_IDD', 'AB_Rental Free', 'V_Absentee service', 'V_Abbreviated Dialing', 'V_Call Transfer Three way', 'V_Call Forwarding', 'V_Call Waiting', 'V_Call Forwarding-Immediate', 'V_Call Forwarding-On Busy']",14
295,b130cd91df3e55bb333d7d023c248e9c,['8cc2085e88a28c00e6b32b699ad7363e'],1,"['V_SLT CLI', 'AB_Megaline Startup', 'V_Absentee service', 'V_Abbreviated Dialing', 'V_Call Transfer Three way', 'V_Call Forwarding', 'V_Call Waiting', 'V_Call Forwarding-Immediate', 'V_Call Forwarding-On Busy', 'V_Call Forwarding-No Answer', 'V_IDD', 'V_Single VAS Bundle', 'V_DQ Contact Details', 'AB_Megaline']",14
296,b1657bcb70022bc09a233467206218e2,['d4befb695964293521c48a8335a3ab9a'],1,['V_IDD'],1
297,b1a0898571cf71ed8db70b69388ac73d,['ab04888ef3ef548d0836ad24aea3218d'],1,"['E_Video on Demand', 'E_TSTV', 'V_Call Forwarding - No Answer', 'V_Call Forwarding - Immediate', 'V_Call Forwarding - On Busy']",5
298,b2b49ba22889d120f7dd53a35ad50ae7,['bccf0c75cf73ef407c8709603dbd421a'],1,"['AB_Referral offer Discount', 'E_Referral offer Discount']",2
299,b35ae461186a3da220dc2921e9d72c76,['6604d2bb92fbf50d46f0f2e8efa0e2a6'],1,"['E_TSTV', 'E_Video on Demand']",2
300,b3e096d0756931c092269f3c38810ab8,['5b738472a90c467c7bf05ff23fdd7512'],1,"['E_PeoTV Initiation', 'E_TSTV', 'E_Video on Demand']",3
301,b3fe687c13d317ad6ce38389528d8216,['509ea0ed8e62a6c2a9f31b2916ce4f10'],1,"['V_Call Forwarding-Immediate', 'V_Anonymous call barring', 'V_CLI presentation in call waiting', 'V_Call park', 'V_Outgoing Call Memory', 'V_Incoming Call Transfer', 'V_Call Forwarding by time', 'V_Call back on busy', 'V_Call holding', 'V_Call Forwarding Offline', 'V_Incoming Call Memory', 'V_Absentee service', 'V_Abbreviated Dialing', 'V_Call Transfer Three way', 'V_Call Forwarding', 'V_Call Waiting', 'V_Call Forwarding-On Busy', 'V_Call Forwarding-No Answer']",18
302,b413cfc936849edb7d2586588d104e09,['913c219f6228c641fc990a714b7be3a1'],1,"['AB_Megaline', 'V_IDD', 'V_SLT CLI', 'V_DQ Contact Details', 'AB_Megaline Startup']",5
303,b4c9df482a91dfb58a9c3c38720c2679,['0f0bd14483fbde9f298973537d293de9'],1,"['V_Call Waiting', 'V_Call Forwarding-Immediate', 'V_Abbreviated Dialing', 'V_Call Transfer Three way', 'V_Call Forwarding', 'V_Call Forwarding-On Busy', 'V_Call Forwarding-No Answer']",7
304,b4fcb3023a82983d80fcc6c01523920f,['8da9c31013aa788fb46f681a697a6826'],1,['AB_Megaline Startup'],1
305,b6790f8c79375d0bd1b4f101f5e9c4cb,['7e18108a246044bda9cc638f797649cf'],1,"['E_Video on Demand', 'E_TSTV', 'E_PeoTV Initiation']",3
306,b82f404f21e94ca7f707597cf553b20f,['50b247656223e315cc5d468663636388'],1,"['AB_Megaline', 'V_IDD', 'V_DQ Contact Details', 'V_Single VAS Bundle', 'AB_Megaline Startup']",5
307,b8f949b12ac52d76bff8f091f2d4e5eb,['c8e15f10fe56b48c0a440d4c2a5758e0'],1,"['V_Absentee service', 'V_Abbreviated Dialing', 'V_Call Transfer Three way', 'V_Call Forwarding', 'V_Call Waiting', 'V_Call Forwarding-Immediate', 'V_Call Forwarding-On Busy', 'V_Call Forwarding-No Answer']",8
308,bb5ef0231629690dab36f1552b70770b,['2cec67820baa3ee08a95ab5ccf91cf49'],1,"['V_Call Forwarding by time', 'V_Call holding', 'V_Outgoing Call Memory', 'V_Incoming Call Memory', 'V_Call Forwarding Offline', 'V_Incoming Call Transfer', 'V_Absentee service', 'V_Abbreviated Dialing', 'V_Call Transfer Three way', 'V_Call Forwarding', 'V_Call Forwarding-No Answer', 'V_Call Waiting', 'V_Call Forwarding-Immediate', 'V_Call Forwarding-On Busy']",14
309,bb8488ef97f9f3ee8cde126452f35f00,['48ea05c4757616b5d14028a79acc8a59'],1,"['V_Absentee service', 'V_Abbreviated Dialing', 'V_Call Transfer Three way', 'V_Call Forwarding', 'V_Call Waiting', 'V_Call Forwarding-Immediate', 'V_Call Forwarding-On Busy', 'V_Call Forwarding-No Answer']",8
310,bd1c0413b8ee92da3ec5ffef9515e849,['2d7df19b777fd9f18507df0f29741e5b'],1,"['V_Absentee service', 'V_Call Forwarding', 'E_PeoTV Initiation', 'E_TSTV', 'E_Video on Demand']",5
311,bd4d59633ffb8bd6fc82f3b4ada98fe9,['89662e164c3791845060b0359c2fbb83'],1,"['E_Video on Demand', 'E_TSTV']",2
312,bdbe20afd6f96047256b974cc6f8417c,['c8324c1ab8ff37df21c148606fc543cc'],1,"['V_Absentee service', 'V_Call Forwarding', 'V_Call Waiting', 'V_Call Forwarding-Immediate', 'V_Call Forwarding-On Busy', 'V_Call Forwarding-No Answer', 'V_Hotline Service', 'V_Abbreviated Dialing', 'V_Call Transfer Three way']",9
313,bdc48f80b14487645959ffcc905ed293,['6be0aed6f0c30723f4cdcf5253be1232'],1,"['E_PeoTV Initiation', 'E_TSTV', 'E_Video on Demand']",3
314,be52ddd5468c090290d181df89e11b84,['a66ca40a682f4e545d0dcf9576bd733c'],1,"['E_Video on Demand', 'E_TSTV', 'E_PeoTV Initiation']",3
315,be57dd52a72846ff4d4a505373698f0b,['757b32f094beb2ec28c9d43e3a9a6b9a'],1,"['V_Incoming Call Memory', 'V_Call park', 'V_Call back on busy', 'V_CLI presentation in call waiting', 'V_Outgoing Call Memory', 'V_Call Forwarding by time', 'V_Call Transfer Three way', 'V_Anonymous call barring', 'V_Call holding', 'V_Call Forwarding Offline', 'V_Incoming Call Transfer']",11
316,be73e36d4f451510b7def35f400b4693,['f7508647677b63cfa0f63fe548f3236b'],1,['AB_Service Vacation'],1
317,bebdc255c25e6c040a0a5b755aba83b6,['6f842d21b455923e081bfb8af4f68062'],1,"['AB_Megaline', 'V_IDD', 'V_DQ Contact Details', 'E_TSTV', 'E_Video on Demand']",5
318,bf24bb4d16276ef6161e3e8f3435f975,['c306b8fd818c0b58f6242d932bd751ba'],1,"['E_Video on Demand', 'E_TSTV']",2
319,bf335a59ec98040aff50c0e6d03010ce,['793b67f4506d81e95404f44058bd9518'],1,"['V_Call Transfer Three way', 'V_Absentee service', 'V_Abbreviated Dialing', 'V_Call Forwarding', 'V_Call Waiting', 'V_Call Forwarding-Immediate', 'V_Call Forwarding-On Busy', 'V_Call Forwarding-No Answer']",8
320,bf90d04dbe6fb5e10f38f7d250f9ce4d,['8f26415cac022156eb8a3499e0261a29'],1,"['E_PeoTV Initiation', 'E_Video on Demand', 'E_TSTV']",3
321,c17e3e7351b4aeed22bdd65494b76209,['1e0884c213ca5e660abb9370b44cf5b6'],1,"['E_SLT PeoTV Service', 'E_TSTV', 'E_Video on Demand', 'E_PeoTV Initiation']",4
322,c1f7231654c3734a0aa8697eb0b54642,['5b6165309249835cf1db1787eb454302'],1,['V_Basic Phone Installment'],1
323,c252e5a0c0176068ae02bc8026d1a006,['63c02809b82a1456cbd9abf9eac9c110'],1,"['E_PeoTV Initiation', 'E_Video on Demand', 'E_TSTV']",3
324,c2b5a0da5f7407add902e821a10bce85,['888f04396f6588be5504cd845986f687'],1,"['E_PeoTV Initiation', 'E_Video on Demand', 'E_TSTV']",3
325,c2e5cad50a7f80553eca7afdd0be50c4,['5ba41ed88e5231963207938067692d18'],1,"['V_Absentee service', 'V_Abbreviated Dialing', 'V_Call Transfer Three way', 'V_Call Forwarding', 'V_Call Waiting', 'V_Call Forwarding-Immediate', 'V_Call Forwarding-On Busy', 'V_Call Forwarding-No Answer']",8
326,c310c8a2a64c63c047e5c05c546aa57d,['70831e8466d88649c11d146d27c22b48'],1,['AB_Additional Distance'],1
327,c3f7e8501c14c77f67f830dff50f6365,['17c746408d88718efeeb70bee0c91c3c'],1,"['E_TSTV', 'E_SLT PeoTV Service', 'E_Video on Demand']",3
328,c4b3d2beb32b7b06d5c0c639cca5dd46,['34226bd8a7f209ef14fc06b694460733'],1,"['V_Incoming Call Memory', 'V_Call park', 'V_Call back on busy', 'V_Call holding', 'V_Outgoing Call Memory', 'V_CLI presentation in call waiting', 'V_Call Transfer Three way', 'V_Call Forwarding by time', 'V_Anonymous call barring', 'V_Incoming Call Transfer', 'V_Call Forwarding Offline']",11
329,c5135ccb84c3da8fee67c378205cfdcc,['81ab1f1b629ac60c8580db02d7114ce0'],1,"['E_TSTV', 'E_Video on Demand', 'E_PeoTV Initiation']",3
330,c5eb48149925e132a92d3daa77731b33,['474aef26dacb4f2c3ac5983e175e18e4'],1,['V_IDD'],1
331,c606b3a33f63d0cfdfef8f331dd6b6c9,['bdaa0c6bf31205eafcddca2dd95358ec'],1,['V_Cordeless Phone - Installment'],1
332,c68667b1f27b1d6844cb1c670e2d0755,['32e5d80650550d206fc9d3c6bba22b9f'],1,"['V_Call Forwarding', 'V_Absentee service', 'V_Abbreviated Dialing', 'V_Call Transfer Three way', 'V_Call Waiting', 'V_Call Forwarding-Immediate', 'V_Call Forwarding-On Busy', 'V_Call Forwarding-No Answer']",8
333,c6f45042dcef071e42101625a72dfc47,['3c03b8dca4ed848c8d5774391942fd54'],1,"['V_Call Forwarding Offline', 'V_Anonymous call barring', 'V_Incoming Call Transfer', 'V_Call back on busy', 'V_Incoming Call Memory', 'V_CLI presentation in call waiting', 'V_Call Forwarding by time', 'V_Call park', 'V_Call Transfer Three way', 'V_Call holding', 'V_Outgoing Call Memory', 'E_PeoTV Initiation', 'E_Video on Demand', 'E_TSTV']",14
334,c7aef414d3906c18da458f48f65e85fb,['6a6ac5992536b276edb816136446a3fc'],1,"['E_SLT PeoTV Service', 'E_TSTV', 'E_Video on Demand', 'AB_Service Vacation']",4
335,c7b9fb35ba19b7d5931a58bf1ffa4fa2,['491e17d3d78e81aee35abb8a4def164f'],1,['V_Call Forwarding'],1
336,c7c5bdd3b8d6748a15006eedb6d7e72f,['028c5d688b270307aea69a8dcb74bee2'],1,"['E_TSTV', 'E_Video on Demand']",2
337,c88bba576162e8694ea520e0c7093ca3,['b2bbed613dcdbc1477ce5d97dd7b9a38'],1,"['E_Video on Demand', 'V_Call Transfer Three way', 'V_Absentee service', 'V_Abbreviated Dialing', 'V_Call Forwarding', 'V_Call Waiting', 'V_Call Forwarding-Immediate', 'V_Call Forwarding-On Busy', 'V_Call Forwarding-No Answer', 'E_TSTV', 'E_PeoTV Initiation']",11
338,c99943fec381859fea1dd8885e57e440,['d8dd6a734726d17627946fab0495ee31'],1,"['V_Call Transfer Three way', 'V_Absentee service', 'V_Abbreviated Dialing', 'V_Call Forwarding', 'V_Call Waiting', 'V_Hotline Service', 'V_Call Forwarding-Immediate', 'V_Call Forwarding-On Busy', 'V_Call Forwarding-No Answer', 'V_Hotline-Time Delayed']",10
339,c9bbb46fe8d38e10c90e1c434f42be62,['dabe3a07df029d2d4403e4a68351bf7f'],1,"['V_DQ Contact Details', 'AB_Megaline', 'AB_Megaline Startup']",3
340,cb088f72e2d0f88dd24cb2bdaaf0d73f,['dc6558e9790a8e13f913574d1c64d529'],1,"['V_DQ Contact Details', 'V_Single VAS Bundle', 'V_IDD', 'V_Miscellaneous Service', 'AB_Megaline']",5
341,cbdd4f5fcffb5a76fd0fca5b032fe8b7,['08c38286f1a189b638e60f800de4cf98'],1,"['V_Call Forwarding-Immediate', 'V_Call Forwarding-On Busy', 'V_Call Forwarding-No Answer', 'E_Video on Demand', 'E_TSTV', 'V_Hotline Service', 'V_Absentee service', 'V_Abbreviated Dialing', 'V_Call Transfer Three way', 'V_Call Forwarding', 'V_Call Waiting']",11
342,cc4e44ad4e401a097fb2bf6926383cca,['36e303e01662fae089be58eb58b4a060'],1,"['V_Outgoing Call Memory', 'V_Incoming Call Transfer', 'V_Call Forwarding by time', 'V_Call holding', 'V_CLI presentation in call waiting', 'V_Call park', 'V_Call back on busy', 'V_Call Transfer Three way', 'V_Call Forwarding Offline', 'V_Anonymous call barring', 'V_Incoming Call Memory']",11
343,cc7d16b0e029443d0fadd6c2b903b546,['341cf3a955537b59ee6a77a4da0ca2c8'],1,"['V_Call Forwarding Offline', 'V_Call back on busy', 'V_Call Forwarding by time', 'V_Anonymous call barring', 'V_Call park', 'V_CLI presentation in call waiting', 'V_Call Transfer Three way', 'V_Call holding', 'V_Outgoing Call Memory', 'V_Incoming Call Memory', 'V_Incoming Call Transfer']",11
344,cc8d273c826b1c1a630bc259f84a9f5c,['06c40958738d7ff752abdd8973327e84'],1,"['V_DQ Contact Details', 'V_IDD', 'AB_Copper Access Bearer', 'AB_Megaline', 'V_SLT Voice Service']",5
345,ce01acc546de76f431d42c29678c7014,['e5acdceb8e65a368cc8096a9af807dcf'],1,['V_Cordeless Phone - Installment'],1
346,ce2a3c0ad196e73f3cd2ba9f82a2b504,['f8ed2eeab5cb3467976dec49e5268293'],1,"['V_Abbreviated Dialing', 'V_Call Transfer Three way', 'V_Call Forwarding', 'V_Call Waiting', 'V_Call Forwarding-Immediate', 'V_Call Forwarding-On Busy', 'V_Call Forwarding-No Answer', 'V_Hotline Service', 'V_Hotline-Immediate', 'V_Hotline-Time Delayed']",10
347,ce8d936fed762bfa12912fb18915b802,['b6404a24d0ae0f5dbb11c78c783bd1fc'],1,"['V_Hotline Service', 'V_Absentee service', 'V_Abbreviated Dialing', 'V_Call Transfer Three way', 'V_Call Forwarding', 'V_Call Waiting', 'V_Call Forwarding-Immediate', 'V_Call Forwarding-On Busy', 'V_Call Forwarding-No Answer', 'V_Cordeless Phone - Installment']",10
348,cf0566af26ea548a810c0b801bbee22d,['a44cfeb19202a98ab39901425b385a53'],1,"['V_Call Forwarding-On Busy', 'V_Hotline-Time Delayed', 'V_Absentee service', 'V_Abbreviated Dialing', 'V_Call Forwarding', 'V_Call Waiting', 'V_Hotline Service', 'V_Call Forwarding-Immediate', 'V_Call Forwarding-No Answer']",9
349,cfe8c9925d61473ddd6eb3232a46b24a,['76346398fc4ff57e0d13f800886f708c'],1,"['V_Call park', 'V_CLI presentation in call waiting', 'V_Call Transfer Three way', 'V_Call back on busy', 'V_Call Forwarding Offline', 'V_Call Forwarding by time', 'V_Call holding', 'V_Incoming Call Transfer', 'V_Incoming Call Memory', 'V_Outgoing Call Memory', 'V_Anonymous call barring']",11
350,d0585e7c1504c613056314439a0cd4fc,['c7d79ae0fde653d4f00871d6ad14232b'],1,"['E_PeoTV Initiation', 'E_TSTV', 'E_Video on Demand']",3
351,d0f6a8ac95453f3805c1f102e252e3ea,['47fc6cc2731ee8394ccc9e57738866b6'],1,['AB_Service Vacation'],1
352,d1b1ce407cee4a075724b02deb2c6012,['b1e1f92a2d017ea8f0b457533636ed33'],1,"['AB_Referral offer Discount', 'AB_Service Vacation']",2
353,d1cb5f57375c3bd80239fbca00d82f2b,['f0e33f2fbf55e1989637f312de303b1a'],1,['V_Installment'],1
354,d1d1785fd3a15a110c8749bb62452a43,['54836a6361cb0a0314be9cd45b2468d5'],1,"['V_Call Forwarding', 'V_Call Forwarding-Immediate', 'V_Call Forwarding-On Busy', 'V_Call Forwarding-No Answer', 'V_Call Waiting', 'V_Absentee service', 'V_Abbreviated Dialing', 'V_Call Transfer Three way']",8
355,d40eb559bca3f5796a8250186a669fef,['45e1cec38e5bdcedadfcae11c78bab01'],1,"['V_SLT Voice Service', 'V_IDD', 'V_DQ Contact Details', 'V_SLT CLI']",4
356,d4107e07c708d4f0b8d7e3ef6beace2e,['ea5baef8ac39342eba62358c47835b79'],1,"['V_Hotline Service', 'V_Call Forwarding']",2
357,d4216c721db2d641e58b6a3b3558a1e7,['dba22a3b15ba01c21705e5b9ca65d77e'],1,['V_Basic Phone Installment'],1
358,d471115e601847f5295d0e72064ed472,['6a6867045a566a58d5a1690476492383'],1,"['E_Video on Demand', 'E_TSTV']",2
359,d55302a77bc6f5bb5eeaeb32ead3416c,['10e1d9bcd58ec432edf752fc355e9291'],1,"['E_Video on Demand', 'E_PeoTV Initiation', 'E_TSTV']",3
360,d8325eb73900b427a709daa28342b443,['c65f7899184dbcf22eb53deec9bbef99'],1,['V_IDD'],1
361,d884685f29139591a7d1ba88c49bb256,['d3723fc0070d27f51261af1fbb312055'],1,['V_Cordeless Phone - Installment'],1
362,d90eb800d322788fe45267293d358ccf,['7e236d55ee583ddf03878e307d5a77da'],1,"['AB_Megaline', 'V_IDD', 'V_DQ Contact Details']",3
363,d9327013392b715deae9b76c15957238,['3822a692be803ce65a0b9f7b87c20eb1'],1,"['V_Incoming Call Transfer', 'V_Outgoing Call Memory', 'V_Call Transfer Three way', 'V_Incoming Call Memory', 'V_Call holding', 'V_Call Forwarding by time', 'V_Call Forwarding Offline']",7
364,dc1b8b19b5fa63a1c60ccbc796a2e0a1,['eb2e1d215818020d5ed5430c3236c6e1'],1,"['AB_Megaline Startup', 'V_Outgoing Call Memory', 'V_Incoming Call Transfer', 'V_Call Forwarding by time', 'V_Incoming Call Memory', 'V_Call Forwarding Offline', 'V_Call Transfer Three way', 'V_Call holding', 'AB_Megaline', 'V_Single VAS Bundle', 'V_IDD', 'V_DQ Contact Details', 'V_SLT CLI']",13
365,de52702a328d6e2af94e787741be8d7d,['76f0f232dc066a78d4f1b6ad03bc7865'],1,"['V_Hotline Service', 'V_Call Forwarding', 'V_IDD']",3
366,deaa8e9304350368e7a1b31ca91e0966,['acb74f0a36dd8628eca56b36daa1e186'],1,['AB_Service Vacation'],1
367,debfdf902f5c350afde1233555ef9ae6,['3097b0c0d4a8cd24fbcd197491c998de'],1,"['E_SLT PeoTV Service', 'E_Video on Demand', 'E_TSTV']",3
368,df6875fca2553cd02b0e015f7bbd8497,['ee6a8207c0bfbcac2f6caeb20a81d5fe'],1,"['AB_Megaline', 'V_DQ Contact Details']",2
369,dfdee62213d6a832daf5f02690d45fc7,['a9a28bd43c0fc9d6c4b18fb568a708c8'],1,['AB_Service Vacation'],1
370,e0f4d836dfa18fa4f0019135fee3afe6,['d50b41a92f59fcf24f2c0823b48ee61b'],1,"['V_Hotline Service', 'V_Call Forwarding']",2
371,e13060ea56e625531fd54872f5e16428,['f70e889e2b4780ffb5ce5cb45b6c9bdd'],1,"['V_Call Transfer Three way', 'V_Absentee service', 'V_Abbreviated Dialing', 'V_Call Forwarding', 'V_Call Waiting', 'V_Call Forwarding-Immediate', 'V_Call Forwarding-On Busy', 'V_Call Forwarding-No Answer']",8
372,e134fcd819d2ea121daa8905f04354dc,['713b63e3309bd5679bc336b3e6b6135d'],1,"['V_IDD', 'V_SLT CLI', 'V_Absentee service', 'V_Call Transfer Three way', 'V_Single VAS Bundle', 'V_DQ Contact Details', 'AB_Megaline', 'V_Call Forwarding', 'V_Call Forwarding-Immediate', 'V_Call Forwarding-On Busy', 'V_Call Forwarding-No Answer']",11
373,e13e06edb5b813521bf9a974f29e2abd,['164fe9176ef7ec333d9fb510f8cfb8d3'],1,"['AB_Relocation', 'AB_Megaline', 'V_IDD', 'V_DQ Contact Details', 'V_E-channeling Registration']",5
374,e18253796b08fc1f15f105227f98d5c8,['43ca77a67dab08550e11c25e68f6b8e8'],1,"['V_Abbreviated Dialing', 'V_Call Transfer Three way', 'V_Call Forwarding', 'V_Call Waiting', 'V_Call Forwarding-Immediate', 'V_Call Forwarding-On Busy', 'V_Absentee service', 'V_Call Forwarding-No Answer']",8
375,e335769b7873ada696d69532831f04c8,['71a8e0a7746f5497a7222bf23d347845'],1,"['E_Video on Demand', 'E_TSTV', 'E_PeoTV Initiation']",3
376,e3c718b180566252b05be234c406b8c9,['569ab7e43caa3fb5a95985090308da45'],1,"['V_Call Forwarding', 'V_Absentee service', 'V_Abbreviated Dialing', 'V_Call Transfer Three way', 'V_Call Waiting', 'V_Hotline Service', 'V_Call Forwarding-Immediate', 'V_Call Forwarding-On Busy', 'V_Call Forwarding-No Answer', 'V_Hotline-Time Delayed']",10
377,e3de179c0b9eb637a8bacda1025fd673,['3c308f661d95cff33d9fb5417cd8444f'],1,"['V_Call Forwarding', 'V_Call Forwarding by time', 'V_Call Forwarding-Immediate', 'V_Absentee service', 'V_Call holding', 'V_Caller Line Identification', 'V_Call Forwarding Offline', 'V_Hotline-Time Delayed', 'V_Incoming Call Memory', 'V_Call Forwarding-On Busy', 'V_Call Forwarding-No Answer', 'V_Hotline-Immediate', 'V_Short Message Service', 'V_Abbreviated Dialing', 'V_Call Waiting', 'V_Hotline Service', 'V_Outgoing Call Memory']",17
378,e4357555e9b11426271eb1d9bade04b9,['29bc8ed1d20d19272780a18be9bb9d54'],1,"['V_Single VAS Bundle', 'V_DQ Contact Details', 'AB_Megaline', 'V_IDD', 'V_SLT CLI', 'V_Absentee service', 'V_Abbreviated Dialing', 'V_Call Forwarding-Immediate', 'V_Call Transfer Three way', 'V_Call Forwarding', 'V_Call Waiting', 'V_Call Forwarding-On Busy', 'V_Call Forwarding-No Answer', 'V_One-Time Detailed Bill', 'V_Hotline Service']",15
379,e52e74e1033f003ee118ef40eb4f7229,['762cb2492576dfe006c33ff15dfa49ab'],1,['V_Cordeless Phone - Installment'],1
380,e5c6a88563c5cef5fe51b24a6df2f44e,['8a5341d5cdf22b7c17484550df68b002'],1,['V_Installment'],1
381,e6355ce1a74ee1456238e3cdbd419aa6,['c7e2c1483f3a48a5b12f3725248827e3'],1,"['V_Anonymous call barring', 'V_Caller name sending', 'V_Call Forwarding by time', 'V_Call forwarding selective', 'V_Call holding', 'V_Call park', 'V_Caller name identificationPresentation', 'V_Do not disturb service', 'V_Incoming Call Memory', 'V_Outgoing Call Memory', 'V_Password call barring (secret code)', 'V_Secretary service', 'V_Selective call acceptance', 'V_Selective call rejection', 'V_Selective call waiting', 'V_Abbreviated Dialing', 'V_Absentee service', 'V_Call Forwarding Offline', 'V_Call back on busy', 'V_Complete call on no response', 'V_IDD', 'V_Triple VAS Bundle', 'V_CLI presentation in call waiting', 'V_Caller Line Identification']",24
382,e837ae443b97bb7f10f2c95e31ae6301,['421ae645c3d142d77a19bd30421214e4'],1,"['E_PeoTV Initiation', 'E_Video on Demand', 'E_TSTV', 'E_PeoTV_Package Transfer']",4
383,ea042885b61230ab3281f46a45fd3134,['accc3d2242651d9f910b28f31862b2ed'],1,['AB_Relocation'],1
384,eb56de90da3b713ba0dd2f853d6962ea,['daaf007efd87fa34ae726d86f0407580'],1,['V_Installment'],1
385,ed281f891e08d5b37e0cf21b426ed999,['917bce007dcf9bd62b10e5898178fa77'],1,"['V_DQ Contact Details', 'V-Plus1_TeleLife', 'AB_Megaline']",3
386,ed71dc18e10c5c68fdf69af3c6a91b8a,['c871edec71a9cc7c7e4522ce41912906'],1,['AB_Relocation'],1
387,ee1e478dbdf177dc618699cea55e93ee,['7756e362c167db41164a2d62064f80e8'],1,['AB_Service Vacation'],1
388,ee46493800898d63280dbba75cd2e4f1,['cc51c48ded68010b7ad9a97aa3d6e29e'],1,"['V_Absentee service', 'V_Abbreviated Dialing', 'V_Call Transfer Three way', 'V_Call Forwarding', 'V_Call Waiting', 'V_Call Forwarding-Immediate', 'V_Call Forwarding-On Busy', 'V_Call Forwarding-No Answer']",8
389,ef5eb2bd87f8d084600007ae55c3a813,['1bb1291b190af10232a3045cd21e1872'],1,"['V_Call Forwarding', 'V_Absentee service', 'V_Abbreviated Dialing', 'V_Call Transfer Three way', 'V_Call Waiting', 'V_Call Forwarding-Immediate', 'V_Call Forwarding-On Busy', 'V_Call Forwarding-No Answer', 'E_Video on Demand', 'E_TSTV']",10
390,efdddc591edae3f10ed894afef27d30e,['7030e30e6f4161e27a1965ec12d9ce6f'],1,"['V_Hotline Service', 'V_Call Forwarding']",2
391,f03ccb39f045b89ed6bc9692cade47a5,['7410104de2a5d66d3217daa88f86cf54'],1,"['E_Video on Demand', 'E_PeoTV Initiation', 'E_TSTV']",3
392,f30239b38d1bf3b462080b8737465b9b,['9822e3e6e8f83b83e3ca15a4d61987fe'],1,"['V_Call Forwarding-No Answer', 'V_Call Transfer Three way', 'V_Absentee service', 'V_Abbreviated Dialing', 'V_Call Forwarding', 'V_Call Waiting', 'V_Call Forwarding-Immediate', 'V_Call Forwarding-On Busy']",8
393,f3e10f7bedf42dd49dc51395b4dd83ff,['9e0bbdaca7db76bd7383d79de19f5ef6'],1,"['E_Video on Demand', 'E_TSTV']",2
394,f40e3855854afda3ebd729f946888386,['b7f04f910abeebd5521f4a5fb9b7b2bd'],1,"['E_TSTV', 'E_Video on Demand', 'E_PeoTV_Package Transfer']",3
395,f4e23b7317b8656b4fa68a3b6e188000,['0d31c4957529182f0a29207243bc022c'],1,['V_Installment'],1
396,f64edbf9398b281de0b4a75c6022e724,['16dbc6ca83a75f51f70d852a3cb1aa44'],1,"['V_Abbreviated Dialing', 'V_Absentee service', 'V_Call Transfer Three way', 'V_Call Forwarding', 'V_Call Waiting', 'V_Call Forwarding-Immediate', 'V_Call Forwarding-On Busy', 'V_Call Forwarding-No Answer']",8
397,f66ee4c70cff500b9b5a420f02633d8a,['a44974698d264c4c574c380475296427'],1,"['V_Absentee service', 'V_Call Transfer Three way', 'V_Call Forwarding', 'V_Call Waiting', 'V_Call Forwarding-Immediate', 'V_Abbreviated Dialing', 'V_Call Forwarding-On Busy', 'V_Call Forwarding-No Answer', 'AB_Service Vacation']",9
398,f6e3e4e70d26cb296461e33de68fe3a6,['09c78989d21febb16d71f52534dbedcd'],1,"['E_Referral offer Discount', 'AB_Referral offer Discount']",2
399,f7383ecb529ca91af362199cfc120f27,['225825fe07c51c0c58e4744565c03d4f'],1,['M_Activation Charge'],1
400,f899283864105a84dddb4da423d21a14,['89ac6b08984cdf82d6b9ff8e299670fb'],1,"['V_Call Forwarding', 'V_Call Waiting', 'V_Hotline Service', 'V_Call Forwarding-Immediate', 'V_Call Forwarding-On Busy', 'V_Call Forwarding-No Answer', 'V_Hotline-Time Delayed', 'V_Hotline-Immediate', 'V_Absentee service', 'V_Abbreviated Dialing', 'V_Call Transfer Three way']",11
401,f8a36cffe447f3845a06a385a1d3e963,['13cfbfe920eddce097ebd5ae5b57db56'],1,"['V_Call Forwarding', 'V_Hotline Service']",2
402,f8c4d7613536d42d78fd5a05cc4fff02,['29126104c89f72a50253c47ca6de2c29'],1,['V-Plus1_TeleLife'],1
403,fa8e90de40d413de5dc2c05bdf5eba98,['de2c9469364a90594e9d70a208ee2304'],1,"['V_CLI presentation in call waiting', 'V_Call back on busy', 'V_Call park', 'V_Incoming Call Transfer', 'V_Call holding', 'V_Outgoing Call Memory', 'V_Call Forwarding by time', 'V_Incoming Call Memory', 'V_Call Transfer Three way', 'V_Call Forwarding Offline']",10
404,fb2d757589fd40fd4062e4913d108dd8,['b32839e3fd13fe6470b512354dfd03c8'],1,"['V_Absentee service', 'V_Abbreviated Dialing', 'V_Call Transfer Three way', 'V_Call Forwarding', 'V_Call Waiting', 'V_Call Forwarding-Immediate', 'V_Call Forwarding-On Busy', 'V_Call Forwarding-No Answer']",8
405,fbb06fc0b3f059d33debc5ef33756ae1,['7656cf707af47d49fc5daeb45ee70e74'],1,"['V_Call holding', 'V_Outgoing Call Memory', 'V_Call Forwarding Offline', 'V_Call Transfer Three way', 'V_Call Forwarding by time', 'V_CLI presentation in call waiting', 'V_Anonymous call barring', 'V_Call back on busy', 'V_Call park', 'V_Incoming Call Transfer', 'V_Incoming Call Memory']",11
406,fbfdb60177fd5265eb5f0dc6a5f786a6,['2b03667950c9420f060dbcb614433324'],1,['V_Call Forwarding'],1
407,fcb6268a1caaac23476d9e1bbae165d7,['62fc798073b5864a49fbbf9e614b2f0f'],1,"['V_Call Transfer Three way', 'V_Absentee service', 'V_Abbreviated Dialing', 'V_Call Forwarding', 'V_Call Waiting', 'V_Call Forwarding-Immediate', 'V_Call Forwarding-On Busy', 'V_Call Forwarding-No Answer']",8
408,fce5b1f5188d31d8d439aef1a8beb5cf,['e2db005e88de93ef833009583ea78b6a'],1,"['E_TSTV', 'E_Video on Demand']",2
409,fd3b30118c8c6faa2ba4dc83e1f35bab,['76d2be98265496481fa8ed9700e256fe'],1,"['V_Call back on busy', 'V_Call holding', 'V_Call Forwarding Offline', 'V_Call park', 'V_Outgoing Call Memory', 'V_Incoming Call Memory', 'V_Call Forwarding by time', 'V_Incoming Call Transfer', 'V_Call Transfer Three way', 'V_Anonymous call barring', 'V_CLI presentation in call waiting']",11
410,fdf274d421e09f7677f3b579d45aa60b,['d9f57e2dfadee74f1bc968513e2ad476'],1,"['V_Call holding', 'V_Incoming Call Memory', 'V_Incoming Call Transfer', 'V_Call Forwarding by time', 'V_Call Transfer Three way', 'V_Outgoing Call Memory', 'V_Call Forwarding Offline']",7
411,fea406eb917dcb3f3e93fec553e5d897,['7961eca52aa61ed953d0dff1a2a5a390'],1,['AB_Relocation'],1
412,ff0f03a90ae06a091ac177504385e69a,['ab7fe1473cfcfcc995de024aa4ce9c94'],1,"['AB_Copper Access Bearer', 'AB_Megaline']",2
413,ff98ca51d1c83549f22f957b7de68815,['c035b93b6ba248056606ecf6ec725c35'],1,"['V_Call holding', 'V_Outgoing Call Memory', 'V_Absentee service', 'V_Abbreviated Dialing', 'V_Call Transfer Three way', 'V_Call Forwarding', 'V_Call Waiting', 'V_Call Forwarding-Immediate', 'V_Call Forwarding-On Busy', 'V_Call Forwarding-No Answer', 'V_Incoming Call Memory', 'V_Call Forwarding by time', 'V_Incoming Call Transfer', 'V_Call Forwarding Offline']",14
